"",track_name,id,track_pop,artist_name,artist_pop,artist_genre,danceability,energy,key,loudness,mode,speechiness,acousticness,instrumentalness,liveness,valence,tempo,type,id,uri,track_href,analysis_url,duration_ms,time_signature,save
0,Day Stalker,spotify:track:4bRfxOqnnsz24rruXiJqzZ,47,Carpenter Brut,54,"[cyberpunk, darksynth, synthwave]",0.477,0.7620,11,-8.164,1,0.0389,0.000033,0.901,0.3490,0.2460,136.982,audio_features,4bRfxOqnnsz24rruXiJqzZ,spotify:track:4bRfxOqnnsz24rruXiJqzZ,https://api.spotify.com/v1/tracks/4bRfxOqnnsz24rruXiJqzZ,https://api.spotify.com/v1/audio-analysis/4bRfxOqnnsz24rruXiJqzZ,224240,4,1
1,Head Over Heels / Broken,spotify:track:0aF9m87P8Tja3NUMv4DfHt,67,Tears For Fears,74,"[new romantic, new wave, new wave pop, permanent wave, rock, sophisti-pop, synthpop]",0.298,0.7040,7,-9.905,1,0.0366,0.188000,0.000488,0.7770,0.6550,95.023,audio_features,0aF9m87P8Tja3NUMv4DfHt,spotify:track:0aF9m87P8Tja3NUMv4DfHt,https://api.spotify.com/v1/tracks/0aF9m87P8Tja3NUMv4DfHt,https://api.spotify.com/v1/audio-analysis/0aF9m87P8Tja3NUMv4DfHt,302120,4,1
2,Can You Hear The Music,spotify:track:4VnDmjYCZkyeqeb0NIKqdA,77,Ludwig Göransson,66,"[nordic soundtrack, orchestral soundtrack, soundtrack]",0.190,0.4350,4,-12.456,0,0.0334,0.233000,0.938,0.1000,0.0643,138.515,audio_features,4VnDmjYCZkyeqeb0NIKqdA,spotify:track:4VnDmjYCZkyeqeb0NIKqdA,https://api.spotify.com/v1/tracks/4VnDmjYCZkyeqeb0NIKqdA,https://api.spotify.com/v1/audio-analysis/4VnDmjYCZkyeqeb0NIKqdA,110160,4,1
3,Heaven Up There,spotify:track:3Rl26h1HiMCV0HFHHVb2IM,58,Palace,59,[english indie rock],0.424,0.4200,4,-10.536,1,0.0373,0.168000,0.124,0.1070,0.1760,138.079,audio_features,3Rl26h1HiMCV0HFHHVb2IM,spotify:track:3Rl26h1HiMCV0HFHHVb2IM,https://api.spotify.com/v1/tracks/3Rl26h1HiMCV0HFHHVb2IM,https://api.spotify.com/v1/audio-analysis/3Rl26h1HiMCV0HFHHVb2IM,437577,4,1
4,Intro,spotify:track:6XDFFeinPXgy3auyC7huoC,49,M83,70,"[french shoegaze, french synthpop, indietronica, metropopolis, neo-synthpop]",0.408,0.7600,6,-6.844,1,0.0316,0.000973,0.000073,0.1120,0.0380,105.008,audio_features,6XDFFeinPXgy3auyC7huoC,spotify:track:6XDFFeinPXgy3auyC7huoC,https://api.spotify.com/v1/tracks/6XDFFeinPXgy3auyC7huoC,https://api.spotify.com/v1/audio-analysis/6XDFFeinPXgy3auyC7huoC,322760,4,1
5,Closetowhy,spotify:track:6ynpjKUatAPVLmfgzTXvOG,44,Parcels,64,"[aussietronica, indie soul]",0.855,0.5780,1,-11.366,0,0.0420,0.014800,0.587,0.0836,0.4490,109.995,audio_features,6ynpjKUatAPVLmfgzTXvOG,spotify:track:6ynpjKUatAPVLmfgzTXvOG,https://api.spotify.com/v1/tracks/6ynpjKUatAPVLmfgzTXvOG,https://api.spotify.com/v1/audio-analysis/6ynpjKUatAPVLmfgzTXvOG,330866,4,1
6,Dr. Ford,spotify:track:1pm8TqG9dNIcMGTQNzjYh9,50,Ramin Djawadi,66,"[german soundtrack, orchestral soundtrack, scorecore, soundtrack]",0.214,0.0732,11,-18.331,0,0.0394,0.836000,0.647,0.0607,0.0379,130.013,audio_features,1pm8TqG9dNIcMGTQNzjYh9,spotify:track:1pm8TqG9dNIcMGTQNzjYh9,https://api.spotify.com/v1/tracks/1pm8TqG9dNIcMGTQNzjYh9,https://api.spotify.com/v1/audio-analysis/1pm8TqG9dNIcMGTQNzjYh9,330238,4,1
7,TRAITOR,spotify:track:3HpJISqibQolpRzAWjBbnP,45,KOHTA YAMAMOTO,51,[],0.487,0.6930,2,-10.906,1,0.0453,0.011000,0.859,0.1090,0.0689,104.980,audio_features,3HpJISqibQolpRzAWjBbnP,spotify:track:3HpJISqibQolpRzAWjBbnP,https://api.spotify.com/v1/tracks/3HpJISqibQolpRzAWjBbnP,https://api.spotify.com/v1/audio-analysis/3HpJISqibQolpRzAWjBbnP,287320,4,1
8,Change the Times,spotify:track:5iRhXmdfV03kDNEB3FRb8e,43,Visit Neptune,24,[],0.426,0.7630,1,-10.937,0,0.0378,0.000037,0.0644,0.1510,0.3880,148.981,audio_features,5iRhXmdfV03kDNEB3FRb8e,spotify:track:5iRhXmdfV03kDNEB3FRb8e,https://api.spotify.com/v1/tracks/5iRhXmdfV03kDNEB3FRb8e,https://api.spotify.com/v1/audio-analysis/5iRhXmdfV03kDNEB3FRb8e,180000,4,1
9,Deutschland,spotify:track:2bPGTMB5sFfFYQ2YvSmup0,79,Rammstein,78,"[german metal, industrial, industrial metal, industrial rock, neue deutsche harte]",0.521,0.8950,7,-5.242,1,0.0442,0.000055,0.349,0.0985,0.2370,120.117,audio_features,2bPGTMB5sFfFYQ2YvSmup0,spotify:track:2bPGTMB5sFfFYQ2YvSmup0,https://api.spotify.com/v1/tracks/2bPGTMB5sFfFYQ2YvSmup0,https://api.spotify.com/v1/audio-analysis/2bPGTMB5sFfFYQ2YvSmup0,322340,4,1
10,Paul's Dream,spotify:track:1Qr17u2S9kNDzTeWAJCY5N,56,Hans Zimmer,76,"[german soundtrack, orchestral soundtrack, soundtrack]",0.184,0.2220,7,-12.428,1,0.0391,0.004940,0.776,0.0930,0.0356,114.592,audio_features,1Qr17u2S9kNDzTeWAJCY5N,spotify:track:1Qr17u2S9kNDzTeWAJCY5N,https://api.spotify.com/v1/tracks/1Qr17u2S9kNDzTeWAJCY5N,https://api.spotify.com/v1/audio-analysis/1Qr17u2S9kNDzTeWAJCY5N,423310,3,1
11,Catch Me (feat. Naaz),spotify:track:4UIAJ1WnUvAPPdkzq2rn1i,53,Yellow Claw,60,"[dutch house, edm, electro house, pop dance]",0.560,0.9160,7,-3.328,0,0.0661,0.036200,0.000963,0.1020,0.5850,144.933,audio_features,4UIAJ1WnUvAPPdkzq2rn1i,spotify:track:4UIAJ1WnUvAPPdkzq2rn1i,https://api.spotify.com/v1/tracks/4UIAJ1WnUvAPPdkzq2rn1i,https://api.spotify.com/v1/audio-analysis/4UIAJ1WnUvAPPdkzq2rn1i,162383,4,1
12,Liar,spotify:track:7EUhSxz4srS8pqh1cENbLB,61,Paramore,77,"[candy pop, modern rock, pixie, pop, pop emo, pop punk, rock]",0.512,0.4540,6,-11.993,0,0.0325,0.636000,0.209,0.1060,0.2700,148.012,audio_features,7EUhSxz4srS8pqh1cENbLB,spotify:track:7EUhSxz4srS8pqh1cENbLB,https://api.spotify.com/v1/tracks/7EUhSxz4srS8pqh1cENbLB,https://api.spotify.com/v1/audio-analysis/7EUhSxz4srS8pqh1cENbLB,261869,4,1
13,Remember me,spotify:track:1kCF1WET7woJ5968zEDw7d,51,Leslie Parrish,46,"[eurobeat, super eurobeat]",0.578,0.9840,5,-5.973,0,0.0392,0.012700,0.00551,0.3040,0.9600,153.773,audio_features,1kCF1WET7woJ5968zEDw7d,spotify:track:1kCF1WET7woJ5968zEDw7d,https://api.spotify.com/v1/tracks/1kCF1WET7woJ5968zEDw7d,https://api.spotify.com/v1/audio-analysis/1kCF1WET7woJ5968zEDw7d,158309,5,1
14,The Right Stuff,spotify:track:6jBbj4bWSI0y8OtLxcv9DT,4,Bryan Ferry,57,"[glam rock, melancholia, new romantic, new wave, new wave pop, solo wave, sophisti-pop]",0.616,0.9350,7,-6.159,1,0.0377,0.056800,0.00309,0.0728,0.6920,101.281,audio_features,6jBbj4bWSI0y8OtLxcv9DT,spotify:track:6jBbj4bWSI0y8OtLxcv9DT,https://api.spotify.com/v1/tracks/6jBbj4bWSI0y8OtLxcv9DT,https://api.spotify.com/v1/audio-analysis/6jBbj4bWSI0y8OtLxcv9DT,263333,4,1
15,Daffodils (feat. Kevin Parker),spotify:track:1v0ufp7FLTFcykUGOmFZKa,56,Mark Ronson,73,[pop soul],0.724,0.5380,0,-8.041,1,0.0381,0.040800,0.0139,0.0343,0.2820,108.945,audio_features,1v0ufp7FLTFcykUGOmFZKa,spotify:track:1v0ufp7FLTFcykUGOmFZKa,https://api.spotify.com/v1/tracks/1v0ufp7FLTFcykUGOmFZKa,https://api.spotify.com/v1/audio-analysis/1v0ufp7FLTFcykUGOmFZKa,298133,4,1
16,Adventure of a Lifetime,spotify:track:69uxyAqqPIsUyTO8txoP2M,84,Coldplay,88,"[permanent wave, pop]",0.638,0.9240,7,-3.887,1,0.0360,0.002050,0.000175,0.1490,0.5300,111.995,audio_features,69uxyAqqPIsUyTO8txoP2M,spotify:track:69uxyAqqPIsUyTO8txoP2M,https://api.spotify.com/v1/tracks/69uxyAqqPIsUyTO8txoP2M,https://api.spotify.com/v1/audio-analysis/69uxyAqqPIsUyTO8txoP2M,263787,4,1
17,New Gold (feat. Tame Impala and Bootie Brown),spotify:track:64dLd6rVqDLtkXFYrEUHIU,67,Gorillaz,78,"[alternative hip hop, modern rock, rock]",0.695,0.9230,1,-3.930,0,0.0522,0.042500,0.0469,0.1160,0.5510,108.014,audio_features,64dLd6rVqDLtkXFYrEUHIU,spotify:track:64dLd6rVqDLtkXFYrEUHIU,https://api.spotify.com/v1/tracks/64dLd6rVqDLtkXFYrEUHIU,https://api.spotify.com/v1/audio-analysis/64dLd6rVqDLtkXFYrEUHIU,215150,3,1
18,Renegade,spotify:track:0tXzxt3aJcfKu9L5i7tgfK,53,Kavinsky,60,[filter house],0.610,0.5380,9,-7.428,0,0.0319,0.038500,0.0,0.0791,0.5560,92.022,audio_features,0tXzxt3aJcfKu9L5i7tgfK,spotify:track:0tXzxt3aJcfKu9L5i7tgfK,https://api.spotify.com/v1/tracks/0tXzxt3aJcfKu9L5i7tgfK,https://api.spotify.com/v1/audio-analysis/0tXzxt3aJcfKu9L5i7tgfK,198760,4,1
19,September,spotify:track:2grjqo0Frpf2okIBiifQKs,77,"Earth, Wind & Fire",72,"[disco, funk, jazz funk, soul]",0.697,0.8320,9,-7.264,1,0.0298,0.168000,0.00131,0.2690,0.9790,125.926,audio_features,2grjqo0Frpf2okIBiifQKs,spotify:track:2grjqo0Frpf2okIBiifQKs,https://api.spotify.com/v1/tracks/2grjqo0Frpf2okIBiifQKs,https://api.spotify.com/v1/audio-analysis/2grjqo0Frpf2okIBiifQKs,215093,4,1
20,Uncle ACE,spotify:track:0Cn4UhpHhgf88eWaS9nn5u,43,Blood Orange,60,"[alternative r&b, art pop, escape room, indie soul, indietronica, metropopolis]",0.742,0.945,5,-6.445,1,0.0428,0.063900,0.165,0.1310,0.742,112.977,audio_features,0Cn4UhpHhgf88eWaS9nn5u,spotify:track:0Cn4UhpHhgf88eWaS9nn5u,https://api.spotify.com/v1/tracks/0Cn4UhpHhgf88eWaS9nn5u,https://api.spotify.com/v1/audio-analysis/0Cn4UhpHhgf88eWaS9nn5u,256693,4,1
21,The Heart Part 5,spotify:track:5MMW4CZsZiZt2iuqAXzzWC,60,Kendrick Lamar,88,"[conscious hip hop, hip hop, rap, west coast rap]",0.700,0.812,1,-8.128,0,0.2970,0.183000,0.0,0.0756,0.801,97.405,audio_features,5MMW4CZsZiZt2iuqAXzzWC,spotify:track:5MMW4CZsZiZt2iuqAXzzWC,https://api.spotify.com/v1/tracks/5MMW4CZsZiZt2iuqAXzzWC,https://api.spotify.com/v1/audio-analysis/5MMW4CZsZiZt2iuqAXzzWC,332229,4,1
22,Last One Standing,spotify:track:7DFA3k0QQtvAkItuNAwKh4,51,Monophonics,46,"[bay area indie, instrumental funk, psychedelic soul]",0.588,0.576,6,-6.945,0,0.0367,0.218000,0.0357,0.1720,0.660,129.155,audio_features,7DFA3k0QQtvAkItuNAwKh4,spotify:track:7DFA3k0QQtvAkItuNAwKh4,https://api.spotify.com/v1/tracks/7DFA3k0QQtvAkItuNAwKh4,https://api.spotify.com/v1/audio-analysis/7DFA3k0QQtvAkItuNAwKh4,436840,4,1
23,Dancing Queen,spotify:track:0GjEhVFGZW8afUYGChu3Rr,88,ABBA,80,"[europop, swedish pop]",0.543,0.870,9,-6.514,1,0.0428,0.358000,0.000939,0.7920,0.754,100.804,audio_features,0GjEhVFGZW8afUYGChu3Rr,spotify:track:0GjEhVFGZW8afUYGChu3Rr,https://api.spotify.com/v1/tracks/0GjEhVFGZW8afUYGChu3Rr,https://api.spotify.com/v1/audio-analysis/0GjEhVFGZW8afUYGChu3Rr,230400,4,1
24,悲しみがとまらない　I CAN'T STOP THE LONELINESS,spotify:track:3FYDqY5BRtx3IVSaiQZSze,69,Anri,59,[classic city pop],0.684,0.843,9,-4.256,1,0.0296,0.183000,0.000017,0.0635,0.885,132.027,audio_features,3FYDqY5BRtx3IVSaiQZSze,spotify:track:3FYDqY5BRtx3IVSaiQZSze,https://api.spotify.com/v1/tracks/3FYDqY5BRtx3IVSaiQZSze,https://api.spotify.com/v1/audio-analysis/3FYDqY5BRtx3IVSaiQZSze,263707,4,1
25,Don't You Worry Child - Radio Edit,spotify:track:2V65y3PX4DkRhy1djlxd9p,84,Swedish House Mafia,74,"[edm, pop dance, progressive electro house]",0.612,0.840,11,-3.145,0,0.0509,0.112000,0.0,0.1160,0.438,129.042,audio_features,2V65y3PX4DkRhy1djlxd9p,spotify:track:2V65y3PX4DkRhy1djlxd9p,https://api.spotify.com/v1/tracks/2V65y3PX4DkRhy1djlxd9p,https://api.spotify.com/v1/audio-analysis/2V65y3PX4DkRhy1djlxd9p,212862,4,1
26,Dark Necessities,spotify:track:2oaK4JLVnmRGIO9ytBE1bt,76,Red Hot Chili Peppers,82,"[alternative rock, funk metal, funk rock, permanent wave, rock]",0.700,0.742,5,-6.777,0,0.0716,0.072200,0.0199,0.1100,0.197,91.959,audio_features,2oaK4JLVnmRGIO9ytBE1bt,spotify:track:2oaK4JLVnmRGIO9ytBE1bt,https://api.spotify.com/v1/tracks/2oaK4JLVnmRGIO9ytBE1bt,https://api.spotify.com/v1/audio-analysis/2oaK4JLVnmRGIO9ytBE1bt,302000,4,1
27,This Girl (Kungs Vs. Cookin' On 3 Burners),spotify:track:1A8j067qyiNwQnZT0bzUpZ,81,Kungs,70,"[edm, pop dance, uk dance]",0.792,0.717,0,-4.759,0,0.0393,0.092700,0.000036,0.2260,0.466,121.985,audio_features,1A8j067qyiNwQnZT0bzUpZ,spotify:track:1A8j067qyiNwQnZT0bzUpZ,https://api.spotify.com/v1/tracks/1A8j067qyiNwQnZT0bzUpZ,https://api.spotify.com/v1/audio-analysis/1A8j067qyiNwQnZT0bzUpZ,195547,4,1
28,It’s Only - ODESZA VIP Remix,spotify:track:2XyNLoEWc4IDt9OVzXZUXl,58,ODESZA,68,"[chillwave, edm, indietronica]",0.596,0.882,2,-5.279,1,0.0296,0.000026,0.457,0.0421,0.109,119.999,audio_features,2XyNLoEWc4IDt9OVzXZUXl,spotify:track:2XyNLoEWc4IDt9OVzXZUXl,https://api.spotify.com/v1/tracks/2XyNLoEWc4IDt9OVzXZUXl,https://api.spotify.com/v1/audio-analysis/2XyNLoEWc4IDt9OVzXZUXl,240440,4,1
29,Separate Ways (Worlds Apart),spotify:track:4ECNtOnqzxutZkXP4TE3n3,45,Journey,73,"[album rock, classic rock, hard rock, heartland rock, mellow gold, rock, soft rock]",0.451,0.962,0,-3.947,1,0.0734,0.018800,0.000003,0.2770,0.377,131.435,audio_features,4ECNtOnqzxutZkXP4TE3n3,spotify:track:4ECNtOnqzxutZkXP4TE3n3,https://api.spotify.com/v1/tracks/4ECNtOnqzxutZkXP4TE3n3,https://api.spotify.com/v1/audio-analysis/4ECNtOnqzxutZkXP4TE3n3,323707,4,1
30,The Moment,spotify:track:37itdg1wq2IkV0wTzdhP7R,37,Saint Motel,62,"[la indie, modern alternative rock, modern rock, pov: indie]",0.479,0.814,2,-3.488,1,0.0473,0.150000,0.000002,0.0912,0.425,143.860,audio_features,37itdg1wq2IkV0wTzdhP7R,spotify:track:37itdg1wq2IkV0wTzdhP7R,https://api.spotify.com/v1/tracks/37itdg1wq2IkV0wTzdhP7R,https://api.spotify.com/v1/audio-analysis/37itdg1wq2IkV0wTzdhP7R,246600,4,1
31,Stayin Alive,spotify:track:5ubvP9oKmxLUVq506fgLhk,76,Bee Gees,77,"[disco, mellow gold, soft rock]",0.702,0.773,10,-9.256,0,0.0343,0.028800,0.00871,0.1470,0.953,103.564,audio_features,5ubvP9oKmxLUVq506fgLhk,spotify:track:5ubvP9oKmxLUVq506fgLhk,https://api.spotify.com/v1/tracks/5ubvP9oKmxLUVq506fgLhk,https://api.spotify.com/v1/audio-analysis/5ubvP9oKmxLUVq506fgLhk,285373,4,1
32,Walk Like an Egyptian,spotify:track:1Jwc3ODLQxtbnS8M9TflSP,65,The Bangles,62,"[album rock, jangle pop, new romantic, new wave, new wave pop, paisley underground, soft rock]",0.724,0.891,11,-7.818,1,0.0995,0.003440,0.000047,0.3000,0.818,103.022,audio_features,1Jwc3ODLQxtbnS8M9TflSP,spotify:track:1Jwc3ODLQxtbnS8M9TflSP,https://api.spotify.com/v1/tracks/1Jwc3ODLQxtbnS8M9TflSP,https://api.spotify.com/v1/audio-analysis/1Jwc3ODLQxtbnS8M9TflSP,204707,4,1
33,Wesley's Theory,spotify:track:7Ks4VCY1wFebnOdJrM13t6,74,Kendrick Lamar,88,"[conscious hip hop, hip hop, rap, west coast rap]",0.509,0.787,7,-6.754,1,0.2650,0.359000,0.000028,0.2600,0.507,114.449,audio_features,7Ks4VCY1wFebnOdJrM13t6,spotify:track:7Ks4VCY1wFebnOdJrM13t6,https://api.spotify.com/v1/tracks/7Ks4VCY1wFebnOdJrM13t6,https://api.spotify.com/v1/audio-analysis/7Ks4VCY1wFebnOdJrM13t6,287360,4,1
34,Me and Your Mama,spotify:track:31tf1qEai5o5f4r66Kd0pU,2,Childish Gambino,79,"[atl hip hop, hip hop, rap]",0.554,0.433,5,-12.628,1,0.0341,0.011600,0.0449,0.0667,0.237,117.996,audio_features,31tf1qEai5o5f4r66Kd0pU,spotify:track:31tf1qEai5o5f4r66Kd0pU,https://api.spotify.com/v1/tracks/31tf1qEai5o5f4r66Kd0pU,https://api.spotify.com/v1/audio-analysis/31tf1qEai5o5f4r66Kd0pU,379227,3,1
35,Cheyenne,spotify:track:3EofjRgUI1WrzqqtLb8NoF,52,Jason Derulo,80,"[dance pop, pop]",0.554,0.768,6,-5.812,0,0.1270,0.012600,0.000007,0.1220,0.324,99.679,audio_features,3EofjRgUI1WrzqqtLb8NoF,spotify:track:3EofjRgUI1WrzqqtLb8NoF,https://api.spotify.com/v1/tracks/3EofjRgUI1WrzqqtLb8NoF,https://api.spotify.com/v1/audio-analysis/3EofjRgUI1WrzqqtLb8NoF,215107,4,1
36,The Less I Know The Better,spotify:track:6K4t31amVTZDgR3sKmwUJJ,88,Tame Impala,79,"[australian psych, modern rock, neo-psychedelic, rock]",0.640,0.740,4,-4.083,1,0.0284,0.011500,0.00678,0.1670,0.785,116.879,audio_features,6K4t31amVTZDgR3sKmwUJJ,spotify:track:6K4t31amVTZDgR3sKmwUJJ,https://api.spotify.com/v1/tracks/6K4t31amVTZDgR3sKmwUJJ,https://api.spotify.com/v1/audio-analysis/6K4t31amVTZDgR3sKmwUJJ,216320,4,1
37,Charcoal Baby,spotify:track:3bBmpVl9rQKJsFFGLFilIS,66,Blood Orange,60,"[alternative r&b, art pop, escape room, indie soul, indietronica, metropopolis]",0.622,0.460,7,-8.389,0,0.0372,0.140000,0.000369,0.1190,0.514,183.241,audio_features,3bBmpVl9rQKJsFFGLFilIS,spotify:track:3bBmpVl9rQKJsFFGLFilIS,https://api.spotify.com/v1/tracks/3bBmpVl9rQKJsFFGLFilIS,https://api.spotify.com/v1/audio-analysis/3bBmpVl9rQKJsFFGLFilIS,242341,4,1
38,All The Stars (with SZA),spotify:track:3GCdLUSnKSMJhs4Tj6CV3s,89,Kendrick Lamar,88,"[conscious hip hop, hip hop, rap, west coast rap]",0.698,0.633,8,-4.946,1,0.0597,0.060500,0.000194,0.0926,0.552,96.924,audio_features,3GCdLUSnKSMJhs4Tj6CV3s,spotify:track:3GCdLUSnKSMJhs4Tj6CV3s,https://api.spotify.com/v1/tracks/3GCdLUSnKSMJhs4Tj6CV3s,https://api.spotify.com/v1/audio-analysis/3GCdLUSnKSMJhs4Tj6CV3s,232187,4,1
39,The Living Daylights,spotify:track:4tWe3Fr8HrQPq2iFOpEGZs,54,a-ha,71,"[new romantic, new wave, new wave pop, permanent wave, synthpop]",0.694,0.780,2,-7.872,0,0.0267,0.121000,0.00157,0.1140,0.829,120.266,audio_features,4tWe3Fr8HrQPq2iFOpEGZs,spotify:track:4tWe3Fr8HrQPq2iFOpEGZs,https://api.spotify.com/v1/tracks/4tWe3Fr8HrQPq2iFOpEGZs,https://api.spotify.com/v1/audio-analysis/4tWe3Fr8HrQPq2iFOpEGZs,254347,4,1
40,Kiss the Devil,spotify:track:2zXKiHyqXqcCfdDoJ8p4uH,30,Bel Heir,18,[gauze pop],0.274,0.798,4,-6.415,1,0.0895,0.069700,0.0,0.3380,0.765,82.075,audio_features,2zXKiHyqXqcCfdDoJ8p4uH,spotify:track:2zXKiHyqXqcCfdDoJ8p4uH,https://api.spotify.com/v1/tracks/2zXKiHyqXqcCfdDoJ8p4uH,https://api.spotify.com/v1/audio-analysis/2zXKiHyqXqcCfdDoJ8p4uH,190994,4,1
41,Forgive Me,spotify:track:3IUiA6msgyFl3f8kzbdgQP,55,ODESZA,68,"[chillwave, edm, indietronica]",0.663,0.827,9,-3.135,0,0.0372,0.018500,0.00104,0.2650,0.395,104.985,audio_features,3IUiA6msgyFl3f8kzbdgQP,spotify:track:3IUiA6msgyFl3f8kzbdgQP,https://api.spotify.com/v1/tracks/3IUiA6msgyFl3f8kzbdgQP,https://api.spotify.com/v1/audio-analysis/3IUiA6msgyFl3f8kzbdgQP,208017,4,1
42,Yes I'm Changing,spotify:track:0xtIp0lgccN85GfGOekS5L,72,Tame Impala,79,"[australian psych, modern rock, neo-psychedelic, rock]",0.373,0.609,0,-7.000,1,0.0316,0.108000,0.000427,0.0755,0.354,179.955,audio_features,0xtIp0lgccN85GfGOekS5L,spotify:track:0xtIp0lgccN85GfGOekS5L,https://api.spotify.com/v1/tracks/0xtIp0lgccN85GfGOekS5L,https://api.spotify.com/v1/audio-analysis/0xtIp0lgccN85GfGOekS5L,270680,4,1
43,I Look to You,spotify:track:4i7HrBTsaocmoNPoifG7Bd,61,Miami Horror,53,"[alternative dance, australian dance, australian electropop, electroclash, filter house, indietronica, neo-synthpop, nu disco]",0.604,0.872,4,-5.023,0,0.1030,0.069600,0.0176,0.0484,0.473,118.026,audio_features,4i7HrBTsaocmoNPoifG7Bd,spotify:track:4i7HrBTsaocmoNPoifG7Bd,https://api.spotify.com/v1/tracks/4i7HrBTsaocmoNPoifG7Bd,https://api.spotify.com/v1/audio-analysis/4i7HrBTsaocmoNPoifG7Bd,233230,4,1
44,Minetta Creek,spotify:track:7Kt7c9Q2B7hSyiTZvGQ37D,59,Blood Orange,60,"[alternative r&b, art pop, escape room, indie soul, indietronica, metropopolis]",0.761,0.556,6,-9.999,1,0.0483,0.104000,0.912,0.1050,0.905,129.578,audio_features,7Kt7c9Q2B7hSyiTZvGQ37D,spotify:track:7Kt7c9Q2B7hSyiTZvGQ37D,https://api.spotify.com/v1/tracks/7Kt7c9Q2B7hSyiTZvGQ37D,https://api.spotify.com/v1/audio-analysis/7Kt7c9Q2B7hSyiTZvGQ37D,118051,4,1
45,Destiny feat. Pional,spotify:track:09KTlWCEYWKKprzoy5QgMS,0,John Talabot,36,"[balearic, electronica, future garage, microhouse, minimal techno]",0.649,0.800,10,-9.663,0,0.0345,0.036100,0.343,0.0708,0.342,111.001,audio_features,09KTlWCEYWKKprzoy5QgMS,spotify:track:09KTlWCEYWKKprzoy5QgMS,https://api.spotify.com/v1/tracks/09KTlWCEYWKKprzoy5QgMS,https://api.spotify.com/v1/audio-analysis/09KTlWCEYWKKprzoy5QgMS,293627,4,1
46,Everybody Wants To Rule The World,spotify:track:4RvWPyQ5RL0ao9LPZeSouE,91,Tears For Fears,74,"[new romantic, new wave, new wave pop, permanent wave, rock, sophisti-pop, synthpop]",0.645,0.795,7,-12.095,1,0.0527,0.347000,0.00389,0.1040,0.535,112.067,audio_features,4RvWPyQ5RL0ao9LPZeSouE,spotify:track:4RvWPyQ5RL0ao9LPZeSouE,https://api.spotify.com/v1/tracks/4RvWPyQ5RL0ao9LPZeSouE,https://api.spotify.com/v1/audio-analysis/4RvWPyQ5RL0ao9LPZeSouE,251489,4,1
47,Latch,spotify:track:1DunhgeZSEgWiIYbHqXl0c,74,Disclosure,72,"[edm, house, indietronica, uk dance]",0.729,0.735,1,-5.455,1,0.0919,0.017800,0.000193,0.0890,0.544,121.986,audio_features,1DunhgeZSEgWiIYbHqXl0c,spotify:track:1DunhgeZSEgWiIYbHqXl0c,https://api.spotify.com/v1/tracks/1DunhgeZSEgWiIYbHqXl0c,https://api.spotify.com/v1/audio-analysis/1DunhgeZSEgWiIYbHqXl0c,255867,4,1
48,Clocks,spotify:track:0BCPKOYdS2jbQ8iyB56Zns,85,Coldplay,88,"[permanent wave, pop]",0.577,0.749,5,-7.215,0,0.0279,0.599000,0.0115,0.1830,0.255,130.970,audio_features,0BCPKOYdS2jbQ8iyB56Zns,spotify:track:0BCPKOYdS2jbQ8iyB56Zns,https://api.spotify.com/v1/tracks/0BCPKOYdS2jbQ8iyB56Zns,https://api.spotify.com/v1/audio-analysis/0BCPKOYdS2jbQ8iyB56Zns,307880,4,1
49,Moon Theory,spotify:track:4AyjstjONX27kSFbVG0Hgq,49,Miami Horror,53,"[alternative dance, australian dance, australian electropop, electroclash, filter house, indietronica, neo-synthpop, nu disco]",0.615,0.869,5,-5.000,0,0.0311,0.003050,0.000364,0.3690,0.708,121.962,audio_features,4AyjstjONX27kSFbVG0Hgq,spotify:track:4AyjstjONX27kSFbVG0Hgq,https://api.spotify.com/v1/tracks/4AyjstjONX27kSFbVG0Hgq,https://api.spotify.com/v1/audio-analysis/4AyjstjONX27kSFbVG0Hgq,263288,4,1
50,The Adults Are Talking,spotify:track:5ruzrDWcT0vuJIOMW7gMnW,83,The Strokes,75,"[alternative rock, garage rock, modern rock, permanent wave, rock]",0.593,0.749,5,-5.670,1,0.0475,0.011300,0.106,0.3140,0.649,164.959,audio_features,5ruzrDWcT0vuJIOMW7gMnW,spotify:track:5ruzrDWcT0vuJIOMW7gMnW,https://api.spotify.com/v1/tracks/5ruzrDWcT0vuJIOMW7gMnW,https://api.spotify.com/v1/audio-analysis/5ruzrDWcT0vuJIOMW7gMnW,309053,4,1
51,Lady - Hear Me Tonight,spotify:track:49X0LAl6faAusYq02PRAY6,82,Modjo,61,"[disco house, filter house]",0.720,0.808,6,-5.627,1,0.0379,0.007930,0.0293,0.0634,0.869,126.041,audio_features,49X0LAl6faAusYq02PRAY6,spotify:track:49X0LAl6faAusYq02PRAY6,https://api.spotify.com/v1/tracks/49X0LAl6faAusYq02PRAY6,https://api.spotify.com/v1/audio-analysis/49X0LAl6faAusYq02PRAY6,307154,4,1
52,Remember (with ZOHARA),spotify:track:3aFxfpfeATHYg1n750dhgq,53,Gryffin,66,"[edm, pop dance]",0.619,0.902,11,-4.157,0,0.0562,0.095300,0.0405,0.2160,0.504,123.002,audio_features,3aFxfpfeATHYg1n750dhgq,spotify:track:3aFxfpfeATHYg1n750dhgq,https://api.spotify.com/v1/tracks/3aFxfpfeATHYg1n750dhgq,https://api.spotify.com/v1/audio-analysis/3aFxfpfeATHYg1n750dhgq,221130,4,1
53,Move on Up - Single Edit,spotify:track:0MHXrqn909p0LRTPsNsGEi,68,Curtis Mayfield,58,"[chicago soul, classic soul, funk, soul]",0.538,0.969,11,-5.626,0,0.0906,0.417000,0.00154,0.1190,0.928,138.652,audio_features,0MHXrqn909p0LRTPsNsGEi,spotify:track:0MHXrqn909p0LRTPsNsGEi,https://api.spotify.com/v1/tracks/0MHXrqn909p0LRTPsNsGEi,https://api.spotify.com/v1/audio-analysis/0MHXrqn909p0LRTPsNsGEi,165790,4,1
54,Possession,spotify:track:21c5PMy3vUsxMnb7c2oX3g,32,Joywave,54,"[indietronica, modern alternative rock, modern rock, rochester ny indie, shimmer pop]",0.619,0.782,7,-6.376,0,0.0397,0.005290,0.000215,0.1050,0.300,99.984,audio_features,21c5PMy3vUsxMnb7c2oX3g,spotify:track:21c5PMy3vUsxMnb7c2oX3g,https://api.spotify.com/v1/tracks/21c5PMy3vUsxMnb7c2oX3g,https://api.spotify.com/v1/audio-analysis/21c5PMy3vUsxMnb7c2oX3g,250120,4,1
55,In the Stone,spotify:track:3qZHUZTQiTMfJXcUYzY5mT,58,"Earth, Wind & Fire",72,"[disco, funk, jazz funk, soul]",0.656,0.662,4,-10.346,1,0.0493,0.096400,0.000612,0.0853,0.717,114.612,audio_features,3qZHUZTQiTMfJXcUYzY5mT,spotify:track:3qZHUZTQiTMfJXcUYzY5mT,https://api.spotify.com/v1/tracks/3qZHUZTQiTMfJXcUYzY5mT,https://api.spotify.com/v1/audio-analysis/3qZHUZTQiTMfJXcUYzY5mT,288480,4,1
56,All Of The Time,spotify:track:5Ev60QcFefqlvVfF7ZWOdi,0,Jungle,72,"[indie soul, uk contemporary r&b]",0.695,0.876,5,-5.994,0,0.0420,0.036600,0.0896,0.9540,0.863,130.037,audio_features,5Ev60QcFefqlvVfF7ZWOdi,spotify:track:5Ev60QcFefqlvVfF7ZWOdi,https://api.spotify.com/v1/tracks/5Ev60QcFefqlvVfF7ZWOdi,https://api.spotify.com/v1/audio-analysis/5Ev60QcFefqlvVfF7ZWOdi,182040,4,1
57,Assumptions,spotify:track:4NczzeHBQPPDO0B9AAmB8d,64,Sam Gellaitry,55,"[future bass, scottish electronic, vapor twitch]",0.639,0.815,11,-4.718,1,0.2210,0.123000,0.00113,0.1930,0.443,126.055,audio_features,4NczzeHBQPPDO0B9AAmB8d,spotify:track:4NczzeHBQPPDO0B9AAmB8d,https://api.spotify.com/v1/tracks/4NczzeHBQPPDO0B9AAmB8d,https://api.spotify.com/v1/audio-analysis/4NczzeHBQPPDO0B9AAmB8d,220838,4,1
58,What You Know,spotify:track:3UjtIALeg72qmJiKPWBvM3,2,Two Door Cinema Club,68,"[indie rock, indietronica, irish rock, modern alternative rock, modern rock, northern irish indie]",0.561,0.741,6,-4.239,0,0.0419,0.000715,0.000014,0.0822,0.776,139.001,audio_features,3UjtIALeg72qmJiKPWBvM3,spotify:track:3UjtIALeg72qmJiKPWBvM3,https://api.spotify.com/v1/tracks/3UjtIALeg72qmJiKPWBvM3,https://api.spotify.com/v1/audio-analysis/3UjtIALeg72qmJiKPWBvM3,191707,4,1
59,Clarity,spotify:track:60wwxj6Dd9NJlirf84wr2c,78,Zedd,73,"[complextro, edm, german techno, pop, pop dance]",0.509,0.781,8,-3.480,1,0.0720,0.039800,0.0,0.0749,0.176,128.000,audio_features,60wwxj6Dd9NJlirf84wr2c,spotify:track:60wwxj6Dd9NJlirf84wr2c,https://api.spotify.com/v1/tracks/60wwxj6Dd9NJlirf84wr2c,https://api.spotify.com/v1/audio-analysis/60wwxj6Dd9NJlirf84wr2c,271427,4,1
60,The Color Violet,spotify:track:3azJifCSqg9fRij2yKIbWz,90,Tory Lanez,80,"[canadian hip hop, canadian trap, melodic rap, pop rap, r&b, rap, trap]",0.645,0.534,6,-10.800,0,0.0479,0.15700,0.0,0.0863,0.463,105.020,audio_features,3azJifCSqg9fRij2yKIbWz,spotify:track:3azJifCSqg9fRij2yKIbWz,https://api.spotify.com/v1/tracks/3azJifCSqg9fRij2yKIbWz,https://api.spotify.com/v1/audio-analysis/3azJifCSqg9fRij2yKIbWz,226467,4,1
61,Parfum thérémine,spotify:track:76fdtNvwn6hkOmBvgOom7L,52,L'Impératrice,59,"[french indie pop, french indietronica, french synthpop]",0.662,0.591,6,-10.907,0,0.0330,0.45400,0.878,0.1050,0.204,102.045,audio_features,76fdtNvwn6hkOmBvgOom7L,spotify:track:76fdtNvwn6hkOmBvgOom7L,https://api.spotify.com/v1/tracks/76fdtNvwn6hkOmBvgOom7L,https://api.spotify.com/v1/audio-analysis/76fdtNvwn6hkOmBvgOom7L,304993,4,1
62,Feel Good Inc.,spotify:track:0d28khcov6AiegSCpG5TuT,87,Gorillaz,78,"[alternative hip hop, modern rock, rock]",0.818,0.705,6,-6.679,1,0.1770,0.00836,0.00233,0.6130,0.772,138.559,audio_features,0d28khcov6AiegSCpG5TuT,spotify:track:0d28khcov6AiegSCpG5TuT,https://api.spotify.com/v1/tracks/0d28khcov6AiegSCpG5TuT,https://api.spotify.com/v1/audio-analysis/0d28khcov6AiegSCpG5TuT,222640,4,1
63,La lune,spotify:track:6rbbDK18oqK3MxHGQhpmn2,55,L'Impératrice,59,"[french indie pop, french indietronica, french synthpop]",0.645,0.498,7,-9.681,0,0.0376,0.81100,0.529,0.1010,0.331,111.963,audio_features,6rbbDK18oqK3MxHGQhpmn2,spotify:track:6rbbDK18oqK3MxHGQhpmn2,https://api.spotify.com/v1/tracks/6rbbDK18oqK3MxHGQhpmn2,https://api.spotify.com/v1/audio-analysis/6rbbDK18oqK3MxHGQhpmn2,193629,4,1
64,Le départ,spotify:track:0UODoj6stYv542c7NB9MNd,64,L'Impératrice,59,"[french indie pop, french indietronica, french synthpop]",0.539,0.736,11,-10.608,0,0.0360,0.06130,0.934,0.0734,0.503,110.000,audio_features,0UODoj6stYv542c7NB9MNd,spotify:track:0UODoj6stYv542c7NB9MNd,https://api.spotify.com/v1/tracks/0UODoj6stYv542c7NB9MNd,https://api.spotify.com/v1/audio-analysis/0UODoj6stYv542c7NB9MNd,119634,3,1
65,Boogie Wonderland,spotify:track:6ztstiyZL6FXzh4aG46ZPD,79,"Earth, Wind & Fire",72,"[disco, funk, jazz funk, soul]",0.802,0.756,2,-10.791,0,0.0349,0.08430,0.00765,0.0521,0.963,131.715,audio_features,6ztstiyZL6FXzh4aG46ZPD,spotify:track:6ztstiyZL6FXzh4aG46ZPD,https://api.spotify.com/v1/tracks/6ztstiyZL6FXzh4aG46ZPD,https://api.spotify.com/v1/audio-analysis/6ztstiyZL6FXzh4aG46ZPD,288293,4,1
66,This fffire - New Version,spotify:track:46gSk82duJtX3TTA182ruG,70,Franz Ferdinand,66,"[alternative rock, dance rock, indie rock, modern rock, rock, scottish rock]",0.442,0.887,4,-5.943,0,0.1000,0.02590,0.000005,0.0655,0.637,146.358,audio_features,46gSk82duJtX3TTA182ruG,spotify:track:46gSk82duJtX3TTA182ruG,https://api.spotify.com/v1/tracks/46gSk82duJtX3TTA182ruG,https://api.spotify.com/v1/audio-analysis/46gSk82duJtX3TTA182ruG,218080,4,1
67,Tranz,spotify:track:7jYUaoOfdcYgUvkK8NnFfx,67,Gorillaz,78,"[alternative hip hop, modern rock, rock]",0.649,0.883,7,-5.058,1,0.0306,0.03240,0.0185,0.0658,0.779,135.141,audio_features,7jYUaoOfdcYgUvkK8NnFfx,spotify:track:7jYUaoOfdcYgUvkK8NnFfx,https://api.spotify.com/v1/tracks/7jYUaoOfdcYgUvkK8NnFfx,https://api.spotify.com/v1/audio-analysis/7jYUaoOfdcYgUvkK8NnFfx,162627,4,1
68,Duo,spotify:track:0KbMjhlUH1xUGDgeIQzLsn,50,Sam Gellaitry,55,"[future bass, scottish electronic, vapor twitch]",0.805,0.700,10,-3.064,0,0.1550,0.05470,0.0,0.0400,0.832,127.034,audio_features,0KbMjhlUH1xUGDgeIQzLsn,spotify:track:0KbMjhlUH1xUGDgeIQzLsn,https://api.spotify.com/v1/tracks/0KbMjhlUH1xUGDgeIQzLsn,https://api.spotify.com/v1/audio-analysis/0KbMjhlUH1xUGDgeIQzLsn,126701,4,1
69,LordHenry,spotify:track:7dEFIvrudJoPhrzWSYgCJX,41,Parcels,64,"[aussietronica, indie soul]",0.393,0.719,0,-9.580,0,0.0680,0.01690,0.405,0.3820,0.522,91.185,audio_features,7dEFIvrudJoPhrzWSYgCJX,spotify:track:7dEFIvrudJoPhrzWSYgCJX,https://api.spotify.com/v1/tracks/7dEFIvrudJoPhrzWSYgCJX,https://api.spotify.com/v1/audio-analysis/7dEFIvrudJoPhrzWSYgCJX,332213,3,1
70,Empire Ants (feat. Little Dragon),spotify:track:3a6PN6BRB8PP3ms48s7kU1,70,Gorillaz,78,"[alternative hip hop, modern rock, rock]",0.601,0.772,0,-4.137,0,0.0310,0.18100,0.0543,0.0928,0.294,99.445,audio_features,3a6PN6BRB8PP3ms48s7kU1,spotify:track:3a6PN6BRB8PP3ms48s7kU1,https://api.spotify.com/v1/tracks/3a6PN6BRB8PP3ms48s7kU1,https://api.spotify.com/v1/audio-analysis/3a6PN6BRB8PP3ms48s7kU1,283573,4,1
71,The Valley of The Pagans (feat. Beck),spotify:track:3oP3Tfn86FRmxAGsV0TqCp,60,Gorillaz,78,"[alternative hip hop, modern rock, rock]",0.750,0.856,2,-5.802,1,0.0457,0.07780,0.000036,0.1170,0.940,130.034,audio_features,3oP3Tfn86FRmxAGsV0TqCp,spotify:track:3oP3Tfn86FRmxAGsV0TqCp,https://api.spotify.com/v1/tracks/3oP3Tfn86FRmxAGsV0TqCp,https://api.spotify.com/v1/audio-analysis/3oP3Tfn86FRmxAGsV0TqCp,181029,4,1
72,Can't Let Go,spotify:track:6a44RET0b0enJMb5PVQlr8,55,"Earth, Wind & Fire",72,"[disco, funk, jazz funk, soul]",0.649,0.794,6,-9.460,1,0.0353,0.14400,0.000297,0.0720,0.966,127.792,audio_features,6a44RET0b0enJMb5PVQlr8,spotify:track:6a44RET0b0enJMb5PVQlr8,https://api.spotify.com/v1/tracks/6a44RET0b0enJMb5PVQlr8,https://api.spotify.com/v1/audio-analysis/6a44RET0b0enJMb5PVQlr8,208693,4,1
73,Montreal,spotify:track:5maosvba9QkQP14u6vtxog,19,Roosevelt,56,"[indie emo, nu disco, shiver pop]",0.669,0.642,5,-9.004,1,0.0515,0.00221,0.834,0.2030,0.838,115.973,audio_features,5maosvba9QkQP14u6vtxog,spotify:track:5maosvba9QkQP14u6vtxog,https://api.spotify.com/v1/tracks/5maosvba9QkQP14u6vtxog,https://api.spotify.com/v1/audio-analysis/5maosvba9QkQP14u6vtxog,236336,4,1
74,Circles,spotify:track:3uIApqKmaneQQfbePo2Y1S,58,Alfie Templeman,53,[modern alternative pop],0.770,0.739,1,-5.648,0,0.1140,0.00227,0.0305,0.1020,0.859,120.024,audio_features,3uIApqKmaneQQfbePo2Y1S,spotify:track:3uIApqKmaneQQfbePo2Y1S,https://api.spotify.com/v1/tracks/3uIApqKmaneQQfbePo2Y1S,https://api.spotify.com/v1/audio-analysis/3uIApqKmaneQQfbePo2Y1S,151286,4,1
75,Movies,spotify:track:6PHXRx0ZOrGk7OJ9C29cTm,61,Alfie Templeman,53,[modern alternative pop],0.849,0.711,10,-6.664,0,0.0653,0.23800,0.0163,0.1160,0.805,129.940,audio_features,6PHXRx0ZOrGk7OJ9C29cTm,spotify:track:6PHXRx0ZOrGk7OJ9C29cTm,https://api.spotify.com/v1/tracks/6PHXRx0ZOrGk7OJ9C29cTm,https://api.spotify.com/v1/audio-analysis/6PHXRx0ZOrGk7OJ9C29cTm,197638,4,1
76,Electric Love,spotify:track:2GiJYvgVaD2HtM8GqD9EgQ,83,BØRNS,67,"[indie poptimism, modern alternative rock, modern rock, pov: indie]",0.611,0.797,6,-7.627,0,0.0533,0.00543,0.00137,0.2600,0.518,120.041,audio_features,2GiJYvgVaD2HtM8GqD9EgQ,spotify:track:2GiJYvgVaD2HtM8GqD9EgQ,https://api.spotify.com/v1/tracks/2GiJYvgVaD2HtM8GqD9EgQ,https://api.spotify.com/v1/audio-analysis/2GiJYvgVaD2HtM8GqD9EgQ,218107,4,1
77,Somethinggreater,spotify:track:1Uxti0PEEdieT526B8dAxZ,59,Parcels,64,"[aussietronica, indie soul]",0.687,0.636,1,-10.198,0,0.0380,0.32400,0.00143,0.0862,0.859,109.786,audio_features,1Uxti0PEEdieT526B8dAxZ,spotify:track:1Uxti0PEEdieT526B8dAxZ,https://api.spotify.com/v1/tracks/1Uxti0PEEdieT526B8dAxZ,https://api.spotify.com/v1/audio-analysis/1Uxti0PEEdieT526B8dAxZ,321467,4,1
78,Walkway Blues (feat. J Laser),spotify:track:4Pa5XXpn3sdBPMVCSWGEhB,39,M83,70,"[french shoegaze, french synthpop, indietronica, metropopolis, neo-synthpop]",0.543,0.615,1,-7.071,0,0.0386,0.00995,0.143,0.0910,0.311,149.906,audio_features,4Pa5XXpn3sdBPMVCSWGEhB,spotify:track:4Pa5XXpn3sdBPMVCSWGEhB,https://api.spotify.com/v1/tracks/4Pa5XXpn3sdBPMVCSWGEhB,https://api.spotify.com/v1/audio-analysis/4Pa5XXpn3sdBPMVCSWGEhB,289120,4,1
79,Head Over Heels / Broken,spotify:track:0aF9m87P8Tja3NUMv4DfHt,67,Tears For Fears,74,"[new romantic, new wave, new wave pop, permanent wave, rock, sophisti-pop, synthpop]",0.298,0.704,7,-9.905,1,0.0366,0.18800,0.000488,0.7770,0.655,95.023,audio_features,0aF9m87P8Tja3NUMv4DfHt,spotify:track:0aF9m87P8Tja3NUMv4DfHt,https://api.spotify.com/v1/tracks/0aF9m87P8Tja3NUMv4DfHt,https://api.spotify.com/v1/audio-analysis/0aF9m87P8Tja3NUMv4DfHt,302120,4,1
80,Shout,spotify:track:2gQaQUhDCNGfBVXTvxAmXQ,76,Tears For Fears,74,"[new romantic, new wave, new wave pop, permanent wave, rock, sophisti-pop, synthpop]",0.511,0.942,0,-10.407,1,0.0429,0.17400,0.000019,0.1390,0.4980,97.909,audio_features,2gQaQUhDCNGfBVXTvxAmXQ,spotify:track:2gQaQUhDCNGfBVXTvxAmXQ,https://api.spotify.com/v1/tracks/2gQaQUhDCNGfBVXTvxAmXQ,https://api.spotify.com/v1/audio-analysis/2gQaQUhDCNGfBVXTvxAmXQ,393667,4,1
81,Mothers Talk,spotify:track:2p87CAEgL7eJzVgNZt2M0J,48,Tears For Fears,74,"[new romantic, new wave, new wave pop, permanent wave, rock, sophisti-pop, synthpop]",0.608,0.920,7,-11.807,1,0.0510,0.00379,0.00625,0.3570,0.5800,119.123,audio_features,2p87CAEgL7eJzVgNZt2M0J,spotify:track:2p87CAEgL7eJzVgNZt2M0J,https://api.spotify.com/v1/tracks/2p87CAEgL7eJzVgNZt2M0J,https://api.spotify.com/v1/audio-analysis/2p87CAEgL7eJzVgNZt2M0J,306320,4,1
82,Lightenup,spotify:track:1qtiESAzfGMw3YqJvI97ki,68,Parcels,64,"[aussietronica, indie soul]",0.857,0.658,0,-9.800,1,0.0388,0.01500,0.266,0.1050,0.7030,122.969,audio_features,1qtiESAzfGMw3YqJvI97ki,spotify:track:1qtiESAzfGMw3YqJvI97ki,https://api.spotify.com/v1/tracks/1qtiESAzfGMw3YqJvI97ki,https://api.spotify.com/v1/audio-analysis/1qtiESAzfGMw3YqJvI97ki,237227,4,1
83,Elemental,spotify:track:5Eg2fJOjmEQ6KhMReEnNmD,45,Tears For Fears,74,"[new romantic, new wave, new wave pop, permanent wave, rock, sophisti-pop, synthpop]",0.473,0.861,5,-7.477,0,0.0380,0.01250,0.106,0.3410,0.6090,175.789,audio_features,5Eg2fJOjmEQ6KhMReEnNmD,spotify:track:5Eg2fJOjmEQ6KhMReEnNmD,https://api.spotify.com/v1/tracks/5Eg2fJOjmEQ6KhMReEnNmD,https://api.spotify.com/v1/audio-analysis/5Eg2fJOjmEQ6KhMReEnNmD,330973,4,1
84,Memories Fade,spotify:track:4sYvvnzal0yQJ8qGEJeR3M,43,Tears For Fears,74,"[new romantic, new wave, new wave pop, permanent wave, rock, sophisti-pop, synthpop]",0.610,0.497,4,-7.986,0,0.0329,0.45800,0.00267,0.0910,0.3800,133.513,audio_features,4sYvvnzal0yQJ8qGEJeR3M,spotify:track:4sYvvnzal0yQJ8qGEJeR3M,https://api.spotify.com/v1/tracks/4sYvvnzal0yQJ8qGEJeR3M,https://api.spotify.com/v1/audio-analysis/4sYvvnzal0yQJ8qGEJeR3M,303867,4,1
85,Watch Me Bleed,spotify:track:1kChx0uGraDIIyOVtBVawU,46,Tears For Fears,74,"[new romantic, new wave, new wave pop, permanent wave, rock, sophisti-pop, synthpop]",0.490,0.866,0,-6.117,1,0.0297,0.01070,0.000636,0.1060,0.6240,159.057,audio_features,1kChx0uGraDIIyOVtBVawU,spotify:track:1kChx0uGraDIIyOVtBVawU,https://api.spotify.com/v1/tracks/1kChx0uGraDIIyOVtBVawU,https://api.spotify.com/v1/audio-analysis/1kChx0uGraDIIyOVtBVawU,255933,4,1
86,Sweet Nothing (feat. Florence Welch),spotify:track:24LS4lQShWyixJ0ZrJXfJ5,77,Calvin Harris,85,"[dance pop, edm, electro house, house, pop, pop dance, progressive house, uk dance]",0.573,0.929,8,-3.942,0,0.1090,0.19700,0.000112,0.0567,0.5820,127.934,audio_features,24LS4lQShWyixJ0ZrJXfJ5,spotify:track:24LS4lQShWyixJ0ZrJXfJ5,https://api.spotify.com/v1/tracks/24LS4lQShWyixJ0ZrJXfJ5,https://api.spotify.com/v1/audio-analysis/24LS4lQShWyixJ0ZrJXfJ5,212560,4,1
87,Always In The Past,spotify:track:7HoMAlSl0BUqwWjcdlg2I7,0,Tears For Fears,74,"[new romantic, new wave, new wave pop, permanent wave, rock, sophisti-pop, synthpop]",0.552,0.902,7,-5.903,1,0.0336,0.16700,0.271,0.0845,0.7830,88.754,audio_features,7HoMAlSl0BUqwWjcdlg2I7,spotify:track:7HoMAlSl0BUqwWjcdlg2I7,https://api.spotify.com/v1/tracks/7HoMAlSl0BUqwWjcdlg2I7,https://api.spotify.com/v1/audio-analysis/7HoMAlSl0BUqwWjcdlg2I7,278267,4,1
88,Pale Shelter - 2nd Single Version,spotify:track:0Xam0zVac3hKWWN4OQ5Gdr,64,Tears For Fears,74,"[new romantic, new wave, new wave pop, permanent wave, rock, sophisti-pop, synthpop]",0.555,0.875,0,-5.287,1,0.0335,0.03070,0.00521,0.4600,0.5590,118.643,audio_features,0Xam0zVac3hKWWN4OQ5Gdr,spotify:track:0Xam0zVac3hKWWN4OQ5Gdr,https://api.spotify.com/v1/tracks/0Xam0zVac3hKWWN4OQ5Gdr,https://api.spotify.com/v1/audio-analysis/0Xam0zVac3hKWWN4OQ5Gdr,273893,4,1
89,Gimme! Gimme! Gimme! (A Man After Midnight),spotify:track:3vkQ5DAB1qQMYO4Mr9zJN6,84,ABBA,80,"[europop, swedish pop]",0.749,0.491,10,-9.655,1,0.0403,0.02000,0.00899,0.1590,0.5360,119.528,audio_features,3vkQ5DAB1qQMYO4Mr9zJN6,spotify:track:3vkQ5DAB1qQMYO4Mr9zJN6,https://api.spotify.com/v1/tracks/3vkQ5DAB1qQMYO4Mr9zJN6,https://api.spotify.com/v1/audio-analysis/3vkQ5DAB1qQMYO4Mr9zJN6,292613,4,1
90,IknowhowIfeel,spotify:track:2IFaUS63AIAr9P46W1lEwt,58,Parcels,64,"[aussietronica, indie soul]",0.856,0.511,2,-10.413,0,0.0365,0.38600,0.0334,0.0985,0.9420,114.985,audio_features,2IFaUS63AIAr9P46W1lEwt,spotify:track:2IFaUS63AIAr9P46W1lEwt,https://api.spotify.com/v1/tracks/2IFaUS63AIAr9P46W1lEwt,https://api.spotify.com/v1/audio-analysis/2IFaUS63AIAr9P46W1lEwt,327399,4,1
91,Overnight,spotify:track:0hhXziDUO0wNYPsstDQWN6,72,Parcels,64,"[aussietronica, indie soul]",0.815,0.819,8,-9.494,0,0.0521,0.36400,0.0555,0.1150,0.8640,119.986,audio_features,0hhXziDUO0wNYPsstDQWN6,spotify:track:0hhXziDUO0wNYPsstDQWN6,https://api.spotify.com/v1/tracks/0hhXziDUO0wNYPsstDQWN6,https://api.spotify.com/v1/audio-analysis/0hhXziDUO0wNYPsstDQWN6,219604,4,1
92,The Chain - 2004 Remaster,spotify:track:5e9TFTbltYBg2xThimr0rU,85,Fleetwood Mac,81,"[album rock, classic rock, rock, soft rock, yacht rock]",0.545,0.670,9,-8.810,1,0.0496,0.00900,0.000822,0.0451,0.4810,151.553,audio_features,5e9TFTbltYBg2xThimr0rU,spotify:track:5e9TFTbltYBg2xThimr0rU,https://api.spotify.com/v1/tracks/5e9TFTbltYBg2xThimr0rU,https://api.spotify.com/v1/audio-analysis/5e9TFTbltYBg2xThimr0rU,270213,4,1
93,Good Things Fall Apart (with Jon Bellion),spotify:track:6pooRNiLyYpxZeIA5kJ5EX,62,ILLENIUM,71,"[edm, melodic dubstep, pop dance]",0.643,0.594,2,-5.453,1,0.0318,0.01280,0.0,0.1180,0.4420,144.033,audio_features,6pooRNiLyYpxZeIA5kJ5EX,spotify:track:6pooRNiLyYpxZeIA5kJ5EX,https://api.spotify.com/v1/tracks/6pooRNiLyYpxZeIA5kJ5EX,https://api.spotify.com/v1/audio-analysis/6pooRNiLyYpxZeIA5kJ5EX,216668,4,1
94,"New Person, Same Old Mistakes",spotify:track:52ojopYMUzeNcudsoz7O9D,82,Tame Impala,79,"[australian psych, modern rock, neo-psychedelic, rock]",0.470,0.809,8,-6.740,1,0.0495,0.27200,0.00671,0.0491,0.4900,151.836,audio_features,52ojopYMUzeNcudsoz7O9D,spotify:track:52ojopYMUzeNcudsoz7O9D,https://api.spotify.com/v1/tracks/52ojopYMUzeNcudsoz7O9D,https://api.spotify.com/v1/audio-analysis/52ojopYMUzeNcudsoz7O9D,363240,4,1
95,Closetowhy,spotify:track:6ynpjKUatAPVLmfgzTXvOG,44,Parcels,64,"[aussietronica, indie soul]",0.855,0.578,1,-11.366,0,0.0420,0.01480,0.587,0.0836,0.4490,109.995,audio_features,6ynpjKUatAPVLmfgzTXvOG,spotify:track:6ynpjKUatAPVLmfgzTXvOG,https://api.spotify.com/v1/tracks/6ynpjKUatAPVLmfgzTXvOG,https://api.spotify.com/v1/audio-analysis/6ynpjKUatAPVLmfgzTXvOG,330866,4,1
96,More Than A Woman,spotify:track:2cX2coZS1PYBfPs8wgbdWE,72,Bee Gees,77,"[disco, mellow gold, soft rock]",0.601,0.703,7,-6.240,1,0.0379,0.17500,0.000084,0.5710,0.6730,106.164,audio_features,2cX2coZS1PYBfPs8wgbdWE,spotify:track:2cX2coZS1PYBfPs8wgbdWE,https://api.spotify.com/v1/tracks/2cX2coZS1PYBfPs8wgbdWE,https://api.spotify.com/v1/audio-analysis/2cX2coZS1PYBfPs8wgbdWE,196213,4,1
97,Goodbye Angels,spotify:track:2XTkpF9T2PKvcLgamGJGx1,63,Red Hot Chili Peppers,82,"[alternative rock, funk metal, funk rock, permanent wave, rock]",0.365,0.804,9,-5.922,0,0.1050,0.10400,0.000066,0.1500,0.5770,171.597,audio_features,2XTkpF9T2PKvcLgamGJGx1,spotify:track:2XTkpF9T2PKvcLgamGJGx1,https://api.spotify.com/v1/tracks/2XTkpF9T2PKvcLgamGJGx1,https://api.spotify.com/v1/audio-analysis/2XTkpF9T2PKvcLgamGJGx1,268733,4,1
98,Comingback,spotify:track:6W1CYXq9pGEnNNCCW62xu8,49,Parcels,64,"[aussietronica, indie soul]",0.526,0.719,9,-8.689,0,0.0367,0.76900,0.0113,0.0906,0.2230,141.909,audio_features,6W1CYXq9pGEnNNCCW62xu8,spotify:track:6W1CYXq9pGEnNNCCW62xu8,https://api.spotify.com/v1/tracks/6W1CYXq9pGEnNNCCW62xu8,https://api.spotify.com/v1/audio-analysis/6W1CYXq9pGEnNNCCW62xu8,311240,4,1
99,Vincent,spotify:track:7fhimI5b7TpkyZ99X7R51o,46,Car Seat Headrest,60,"[furry, indie rock, pov: indie]",0.395,0.610,9,-7.836,1,0.0436,0.35000,0.0269,0.1100,0.0549,147.836,audio_features,7fhimI5b7TpkyZ99X7R51o,spotify:track:7fhimI5b7TpkyZ99X7R51o,https://api.spotify.com/v1/tracks/7fhimI5b7TpkyZ99X7R51o,https://api.spotify.com/v1/audio-analysis/7fhimI5b7TpkyZ99X7R51o,465027,4,1
100,2001 - Myd Remix,spotify:track:3n8VH7bl8Qh4RG3k5Kgngb,42,Foals,61,"[alternative dance, garage rock, indie rock, indietronica, modern alternative rock, modern rock, neo-synthpop, oxford indie, shimmer pop]",0.633,0.7990,0,-5.304,1,0.0351,0.000023,0.617,0.0954,0.414,125.946,audio_features,3n8VH7bl8Qh4RG3k5Kgngb,spotify:track:3n8VH7bl8Qh4RG3k5Kgngb,https://api.spotify.com/v1/tracks/3n8VH7bl8Qh4RG3k5Kgngb,https://api.spotify.com/v1/audio-analysis/3n8VH7bl8Qh4RG3k5Kgngb,170468,4,1
101,Fantasy,spotify:track:0V0mZxe0WKsMMKLqcNYXSG,35,M83,70,"[french shoegaze, french synthpop, indietronica, metropopolis, neo-synthpop]",0.511,0.7850,6,-7.521,1,0.0326,0.002330,0.755,0.0943,0.215,123.980,audio_features,0V0mZxe0WKsMMKLqcNYXSG,spotify:track:0V0mZxe0WKsMMKLqcNYXSG,https://api.spotify.com/v1/tracks/0V0mZxe0WKsMMKLqcNYXSG,https://api.spotify.com/v1/audio-analysis/0V0mZxe0WKsMMKLqcNYXSG,274321,4,1
102,King Kunta,spotify:track:0N3W5peJUQtI4eyR6GJT5O,77,Kendrick Lamar,88,"[conscious hip hop, hip hop, rap, west coast rap]",0.884,0.6570,6,-4.569,0,0.0977,0.005890,0.0,0.1540,0.489,107.059,audio_features,0N3W5peJUQtI4eyR6GJT5O,spotify:track:0N3W5peJUQtI4eyR6GJT5O,https://api.spotify.com/v1/tracks/0N3W5peJUQtI4eyR6GJT5O,https://api.spotify.com/v1/audio-analysis/0N3W5peJUQtI4eyR6GJT5O,234693,4,1
103,Free Bird,spotify:track:5EWPGh7jbTNO2wakv8LjUI,81,Lynyrd Skynyrd,72,"[album rock, classic rock, hard rock, rock, southern rock]",0.249,0.8340,0,-8.210,1,0.0577,0.073800,0.000095,0.0924,0.338,118.223,audio_features,5EWPGh7jbTNO2wakv8LjUI,spotify:track:5EWPGh7jbTNO2wakv8LjUI,https://api.spotify.com/v1/tracks/5EWPGh7jbTNO2wakv8LjUI,https://api.spotify.com/v1/audio-analysis/5EWPGh7jbTNO2wakv8LjUI,547107,4,1
104,A View to a Kill,spotify:track:6I4snLrVOrJsLdd43isc27,66,Duran Duran,68,"[album rock, dance rock, new romantic, new wave, new wave pop, rock, soft rock, synthpop]",0.706,0.8140,1,-5.405,1,0.0569,0.015900,0.0,0.2620,0.778,125.472,audio_features,6I4snLrVOrJsLdd43isc27,spotify:track:6I4snLrVOrJsLdd43isc27,https://api.spotify.com/v1/tracks/6I4snLrVOrJsLdd43isc27,https://api.spotify.com/v1/audio-analysis/6I4snLrVOrJsLdd43isc27,217693,4,1
105,Chamber Of Reflection,spotify:track:7H7NyZ3G075GqPx2evsfeb,84,Mac DeMarco,79,"[edmonton indie, lo-fi indie, pov: indie]",0.538,0.5570,11,-8.678,1,0.0914,0.262000,0.914,0.1020,0.506,131.030,audio_features,7H7NyZ3G075GqPx2evsfeb,spotify:track:7H7NyZ3G075GqPx2evsfeb,https://api.spotify.com/v1/tracks/7H7NyZ3G075GqPx2evsfeb,https://api.spotify.com/v1/audio-analysis/7H7NyZ3G075GqPx2evsfeb,231724,4,1
106,Wandering Star,spotify:track:0eWYHgm4geQQT8IodrBhTh,54,Empire Of The Sun,75,"[australian dance, australian electropop, dance rock, indietronica, neo-synthpop]",0.689,0.7210,1,-6.818,0,0.0347,0.319000,0.0,0.2070,0.665,110.046,audio_features,0eWYHgm4geQQT8IodrBhTh,spotify:track:0eWYHgm4geQQT8IodrBhTh,https://api.spotify.com/v1/tracks/0eWYHgm4geQQT8IodrBhTh,https://api.spotify.com/v1/audio-analysis/0eWYHgm4geQQT8IodrBhTh,196693,4,1
107,Comedown,spotify:track:4H78HR8fBjJRWRueFVKo79,53,Parcels,64,"[aussietronica, indie soul]",0.893,0.4400,0,-8.373,1,0.0436,0.596000,0.126,0.3220,0.347,122.991,audio_features,4H78HR8fBjJRWRueFVKo79,spotify:track:4H78HR8fBjJRWRueFVKo79,https://api.spotify.com/v1/tracks/4H78HR8fBjJRWRueFVKo79,https://api.spotify.com/v1/audio-analysis/4H78HR8fBjJRWRueFVKo79,188724,4,1
108,Everyroad,spotify:track:5233fZGEk0FY0AzdgLaWch,45,Parcels,64,"[aussietronica, indie soul]",0.488,0.4170,2,-12.078,1,0.0419,0.621000,0.662,0.1310,0.254,111.257,audio_features,5233fZGEk0FY0AzdgLaWch,spotify:track:5233fZGEk0FY0AzdgLaWch,https://api.spotify.com/v1/tracks/5233fZGEk0FY0AzdgLaWch,https://api.spotify.com/v1/audio-analysis/5233fZGEk0FY0AzdgLaWch,515886,4,1
109,Mayonaka no Door / Stay With Me,spotify:track:2BHj31ufdEqVK5CkYDp9mA,79,Miki Matsubara,59,[classic city pop],0.658,0.7470,5,-6.615,1,0.0431,0.176000,0.000008,0.0789,0.792,108.259,audio_features,2BHj31ufdEqVK5CkYDp9mA,spotify:track:2BHj31ufdEqVK5CkYDp9mA,https://api.spotify.com/v1/tracks/2BHj31ufdEqVK5CkYDp9mA,https://api.spotify.com/v1/audio-analysis/2BHj31ufdEqVK5CkYDp9mA,312293,4,1
110,Can't Take My Eyes Off You - Original Extended Version,spotify:track:7EblNAQKo2q1DCRnO2bVmD,49,Boys Town Gang,45,[hi-nrg],0.651,0.7540,10,-10.421,1,0.0302,0.009850,0.0043,0.1390,0.664,129.617,audio_features,7EblNAQKo2q1DCRnO2bVmD,spotify:track:7EblNAQKo2q1DCRnO2bVmD,https://api.spotify.com/v1/tracks/7EblNAQKo2q1DCRnO2bVmD,https://api.spotify.com/v1/audio-analysis/7EblNAQKo2q1DCRnO2bVmD,589547,4,1
111,Go! (feat. Mai Lan),spotify:track:09zN9QBOHe8795UVOvEtnt,48,M83,70,"[french shoegaze, french synthpop, indietronica, metropopolis, neo-synthpop]",0.497,0.7420,7,-6.353,0,0.0291,0.001320,0.0395,0.0522,0.209,90.994,audio_features,09zN9QBOHe8795UVOvEtnt,spotify:track:09zN9QBOHe8795UVOvEtnt,https://api.spotify.com/v1/tracks/09zN9QBOHe8795UVOvEtnt,https://api.spotify.com/v1/audio-analysis/09zN9QBOHe8795UVOvEtnt,235733,4,1
112,Freaking Out the Neighborhood,spotify:track:3HlK8txWAdtKMrbsqX40pl,78,Mac DeMarco,79,"[edmonton indie, lo-fi indie, pov: indie]",0.565,0.8320,8,-5.751,0,0.1080,0.063800,0.0288,0.3860,0.847,143.303,audio_features,3HlK8txWAdtKMrbsqX40pl,spotify:track:3HlK8txWAdtKMrbsqX40pl,https://api.spotify.com/v1/tracks/3HlK8txWAdtKMrbsqX40pl,https://api.spotify.com/v1/audio-analysis/3HlK8txWAdtKMrbsqX40pl,173889,4,1
113,Famous,spotify:track:3RZauEkvORMeP06npyaIYa,47,Parcels,64,"[aussietronica, indie soul]",0.659,0.8190,2,-7.596,0,0.0391,0.047600,0.0289,0.0819,0.878,124.750,audio_features,3RZauEkvORMeP06npyaIYa,spotify:track:3RZauEkvORMeP06npyaIYa,https://api.spotify.com/v1/tracks/3RZauEkvORMeP06npyaIYa,https://api.spotify.com/v1/audio-analysis/3RZauEkvORMeP06npyaIYa,289653,4,1
114,Love You Better,spotify:track:0NjhFfeUcAQBc4iLaBdKjK,40,Monophonics,46,"[bay area indie, instrumental funk, psychedelic soul]",0.309,0.7890,5,-5.941,1,0.2980,0.142000,0.000001,0.7650,0.786,192.007,audio_features,0NjhFfeUcAQBc4iLaBdKjK,spotify:track:0NjhFfeUcAQBc4iLaBdKjK,https://api.spotify.com/v1/tracks/0NjhFfeUcAQBc4iLaBdKjK,https://api.spotify.com/v1/audio-analysis/0NjhFfeUcAQBc4iLaBdKjK,188733,4,1
115,Shake It Off,spotify:track:5xTtaWoae3wi06K5WfVUUH,76,Taylor Swift,100,[pop],0.647,0.7850,7,-5.414,1,0.1650,0.056100,0,0.1480,0.943,160.015,audio_features,5xTtaWoae3wi06K5WfVUUH,spotify:track:5xTtaWoae3wi06K5WfVUUH,https://api.spotify.com/v1/tracks/5xTtaWoae3wi06K5WfVUUH,https://api.spotify.com/v1/audio-analysis/5xTtaWoae3wi06K5WfVUUH,219200,4,0
116,Basket Case,spotify:track:6L89mwZXSOwYl76YXfX13s,86,Green Day,80,"[modern rock, permanent wave, punk, rock]",0.442,0.9430,3,-3.205,1,0.0602,0.002930,0.000009,0.0910,0.781,85.064,audio_features,6L89mwZXSOwYl76YXfX13s,spotify:track:6L89mwZXSOwYl76YXfX13s,https://api.spotify.com/v1/tracks/6L89mwZXSOwYl76YXfX13s,https://api.spotify.com/v1/audio-analysis/6L89mwZXSOwYl76YXfX13s,181533,4,0
117,Life's A Mess (feat. Halsey),spotify:track:5wWAwzGp2OaaoIkwcz6wZs,72,Juice WRLD,87,"[chicago rap, melodic rap, rap]",0.630,0.4460,1,-8.900,1,0.0351,0.337000,0,0.1660,0.177,143.078,audio_features,5wWAwzGp2OaaoIkwcz6wZs,spotify:track:5wWAwzGp2OaaoIkwcz6wZs,https://api.spotify.com/v1/tracks/5wWAwzGp2OaaoIkwcz6wZs,https://api.spotify.com/v1/audio-analysis/5wWAwzGp2OaaoIkwcz6wZs,202193,4,0
118,comethru,spotify:track:18uwL0vNUanqZH0ro2QcOP,78,Jeremy Zucker,68,"[alt z, electropop, pop]",0.795,0.1780,0,-11.991,1,0.0574,0.607000,0,0.6230,0.608,93.982,audio_features,18uwL0vNUanqZH0ro2QcOP,spotify:track:18uwL0vNUanqZH0ro2QcOP,https://api.spotify.com/v1/tracks/18uwL0vNUanqZH0ro2QcOP,https://api.spotify.com/v1/audio-analysis/18uwL0vNUanqZH0ro2QcOP,181613,4,0
119,Little Life,spotify:track:51WRxaNJVQuXOBYUAmSzbf,64,Cordelia,50,[],0.507,0.0606,11,-15.605,1,0.0342,0.920000,0.000003,0.1110,0.173,130.629,audio_features,51WRxaNJVQuXOBYUAmSzbf,spotify:track:51WRxaNJVQuXOBYUAmSzbf,https://api.spotify.com/v1/tracks/51WRxaNJVQuXOBYUAmSzbf,https://api.spotify.com/v1/audio-analysis/51WRxaNJVQuXOBYUAmSzbf,270316,5,0
120,Holding On to You,spotify:track:7A35lRz4cm0QkbnlNAJPtm,53,Miranda Lambert,67,"[contemporary country, country, country dawn, country road]",0.491,0.352,0,-9.856,1,0.0426,0.38800,0.000006,0.1030,0.325,188.861,audio_features,7A35lRz4cm0QkbnlNAJPtm,spotify:track:7A35lRz4cm0QkbnlNAJPtm,https://api.spotify.com/v1/tracks/7A35lRz4cm0QkbnlNAJPtm,https://api.spotify.com/v1/audio-analysis/7A35lRz4cm0QkbnlNAJPtm,272640,3,0
121,Unsingle,spotify:track:3KTKAEIDClZcHc1IXNqqnE,49,Clayton Johnson,31,[],0.402,0.813,0,-4.409,1,0.0356,0.05960,0,0.1060,0.740,172.032,audio_features,3KTKAEIDClZcHc1IXNqqnE,spotify:track:3KTKAEIDClZcHc1IXNqqnE,https://api.spotify.com/v1/tracks/3KTKAEIDClZcHc1IXNqqnE,https://api.spotify.com/v1/audio-analysis/3KTKAEIDClZcHc1IXNqqnE,155580,4,0
122,Barbie World (with Aqua) [From Barbie The Album],spotify:track:741UUVE2kuITl0c6zuqqbO,84,Nicki Minaj,87,"[hip pop, pop, queens hip hop, rap]",0.770,0.580,0,-8.393,1,0.2470,0.51900,0.000127,0.2330,0.753,144.072,audio_features,741UUVE2kuITl0c6zuqqbO,spotify:track:741UUVE2kuITl0c6zuqqbO,https://api.spotify.com/v1/tracks/741UUVE2kuITl0c6zuqqbO,https://api.spotify.com/v1/audio-analysis/741UUVE2kuITl0c6zuqqbO,109750,4,0
123,don't toy with me,spotify:track:0H4cAH32Y9SAMDDI8Jn1uH,34,runo plum,45,[],0.638,0.215,6,-10.709,1,0.0303,0.80600,0.00014,0.1110,0.179,122.872,audio_features,0H4cAH32Y9SAMDDI8Jn1uH,spotify:track:0H4cAH32Y9SAMDDI8Jn1uH,https://api.spotify.com/v1/tracks/0H4cAH32Y9SAMDDI8Jn1uH,https://api.spotify.com/v1/audio-analysis/0H4cAH32Y9SAMDDI8Jn1uH,157147,4,0
124,Shape of You,spotify:track:7qiZfU4dY1lWllzX7mPBI3,89,Ed Sheeran,87,"[pop, singer-songwriter pop, uk pop]",0.825,0.652,1,-3.183,0,0.0802,0.58100,0,0.0931,0.931,95.977,audio_features,7qiZfU4dY1lWllzX7mPBI3,spotify:track:7qiZfU4dY1lWllzX7mPBI3,https://api.spotify.com/v1/tracks/7qiZfU4dY1lWllzX7mPBI3,https://api.spotify.com/v1/audio-analysis/7qiZfU4dY1lWllzX7mPBI3,233713,4,0
125,Apartment,spotify:track:0vNkUB9llJ7AgPpJNHS3l1,53,Modern Baseball,58,"[alternative emo, emo, philly indie, pov: indie]",0.516,0.875,5,-5.414,0,0.1420,0.00194,0.000002,0.0848,0.333,117.472,audio_features,0vNkUB9llJ7AgPpJNHS3l1,spotify:track:0vNkUB9llJ7AgPpJNHS3l1,https://api.spotify.com/v1/tracks/0vNkUB9llJ7AgPpJNHS3l1,https://api.spotify.com/v1/audio-analysis/0vNkUB9llJ7AgPpJNHS3l1,167168,4,0
126,"Let It Go - From ""Frozen""/Soundtrack Version",spotify:track:0qcr5FMsEO85NAQjrlDRKo,79,Idina Menzel,69,"[hollywood, movie tunes, show tunes]",0.543,0.485,8,-6.850,1,0.0305,0.55800,0,0.1200,0.371,136.961,audio_features,0qcr5FMsEO85NAQjrlDRKo,spotify:track:0qcr5FMsEO85NAQjrlDRKo,https://api.spotify.com/v1/tracks/0qcr5FMsEO85NAQjrlDRKo,https://api.spotify.com/v1/audio-analysis/0qcr5FMsEO85NAQjrlDRKo,223840,4,0
127,Happier,spotify:track:7BqHUALzNBTanL6OvsqmC1,87,Marshmello,84,"[brostep, edm, pop, progressive electro house]",0.687,0.792,5,-2.749,1,0.0452,0.19100,0,0.1670,0.671,100.011,audio_features,7BqHUALzNBTanL6OvsqmC1,spotify:track:7BqHUALzNBTanL6OvsqmC1,https://api.spotify.com/v1/tracks/7BqHUALzNBTanL6OvsqmC1,https://api.spotify.com/v1/audio-analysis/7BqHUALzNBTanL6OvsqmC1,214290,4,0
128,Complicated - Nightcore Version,spotify:track:2Lo8cAQz5IxksfT66sbNs8,29,Nightcore Dreams,36,[nightcore],0.505,0.285,11,-11.402,1,0.0396,0.86800,0,0.1540,0.656,177.364,audio_features,2Lo8cAQz5IxksfT66sbNs8,spotify:track:2Lo8cAQz5IxksfT66sbNs8,https://api.spotify.com/v1/tracks/2Lo8cAQz5IxksfT66sbNs8,https://api.spotify.com/v1/audio-analysis/2Lo8cAQz5IxksfT66sbNs8,179169,4,0
129,Harry the Hedgehog,spotify:track:7n6We4EVF1IvZTf6e97r9l,0,Crocodile & Friends,0,[],0.525,0.350,7,-10.434,1,0.0458,0.98300,0.128,0.1180,0.532,116.343,audio_features,7n6We4EVF1IvZTf6e97r9l,spotify:track:7n6We4EVF1IvZTf6e97r9l,https://api.spotify.com/v1/tracks/7n6We4EVF1IvZTf6e97r9l,https://api.spotify.com/v1/audio-analysis/7n6We4EVF1IvZTf6e97r9l,106160,3,0
130,Fight Song,spotify:track:37f4ITSlgPX81ad2EvmVQr,79,Rachel Platten,61,"[post-teen pop, talent show, viral pop]",0.564,0.714,7,-4.987,1,0.1290,0.05490,0,0.1550,0.330,175.924,audio_features,37f4ITSlgPX81ad2EvmVQr,spotify:track:37f4ITSlgPX81ad2EvmVQr,https://api.spotify.com/v1/tracks/37f4ITSlgPX81ad2EvmVQr,https://api.spotify.com/v1/audio-analysis/37f4ITSlgPX81ad2EvmVQr,204013,4,0
131,Dance Monkey,spotify:track:2XU0oxnq2qxCpomAAuJY8K,78,Tones And I,68,[australian pop],0.824,0.588,6,-6.400,0,0.0924,0.69200,0.000104,0.1490,0.513,98.027,audio_features,2XU0oxnq2qxCpomAAuJY8K,spotify:track:2XU0oxnq2qxCpomAAuJY8K,https://api.spotify.com/v1/tracks/2XU0oxnq2qxCpomAAuJY8K,https://api.spotify.com/v1/audio-analysis/2XU0oxnq2qxCpomAAuJY8K,209438,4,0
132,Roar,spotify:track:6F5c58TMEs1byxUstkzVeM,75,Katy Perry,84,[pop],0.554,0.772,7,-4.821,0,0.0418,0.00487,0.000007,0.3540,0.455,179.984,audio_features,6F5c58TMEs1byxUstkzVeM,spotify:track:6F5c58TMEs1byxUstkzVeM,https://api.spotify.com/v1/tracks/6F5c58TMEs1byxUstkzVeM,https://api.spotify.com/v1/audio-analysis/6F5c58TMEs1byxUstkzVeM,223546,4,0
133,I Get the Bag (feat. Migos),spotify:track:1XRgIKC5TPwo7nWGyKqgG0,74,Gucci Mane,76,"[atl hip hop, dirty south rap, hip hop, pop rap, rap, southern hip hop, trap]",0.890,0.633,11,-5.475,1,0.1680,0.02320,0.000343,0.0993,0.425,139.948,audio_features,1XRgIKC5TPwo7nWGyKqgG0,spotify:track:1XRgIKC5TPwo7nWGyKqgG0,https://api.spotify.com/v1/tracks/1XRgIKC5TPwo7nWGyKqgG0,https://api.spotify.com/v1/audio-analysis/1XRgIKC5TPwo7nWGyKqgG0,233087,4,0
134,BUTTERFLY EFFECT,spotify:track:1yxgsra98r3qAtxqiGZPiX,0,Travis Scott,92,"[hip hop, rap, slap house]",0.763,0.598,11,-6.865,1,0.0539,0.07140,0,0.1120,0.182,140.987,audio_features,1yxgsra98r3qAtxqiGZPiX,spotify:track:1yxgsra98r3qAtxqiGZPiX,https://api.spotify.com/v1/tracks/1yxgsra98r3qAtxqiGZPiX,https://api.spotify.com/v1/audio-analysis/1yxgsra98r3qAtxqiGZPiX,190678,4,0
135,Bank Account,spotify:track:2fQrGHiQOvpL9UgPvtYy6G,5,21 Savage,92,"[atl hip hop, hip hop, rap]",0.884,0.347,8,-8.227,0,0.3500,0.01500,0.000007,0.0871,0.376,75.016,audio_features,2fQrGHiQOvpL9UgPvtYy6G,spotify:track:2fQrGHiQOvpL9UgPvtYy6G,https://api.spotify.com/v1/tracks/2fQrGHiQOvpL9UgPvtYy6G,https://api.spotify.com/v1/audio-analysis/2fQrGHiQOvpL9UgPvtYy6G,220307,4,0
136,Slippery (feat. Gucci Mane),spotify:track:6p8NuHm8uCGnn2Dtbtf7zE,1,Migos,76,"[atl hip hop, hip hop, pop rap, rap, trap]",0.920,0.675,1,-5.661,0,0.2630,0.30700,0,0.1040,0.749,141.967,audio_features,6p8NuHm8uCGnn2Dtbtf7zE,spotify:track:6p8NuHm8uCGnn2Dtbtf7zE,https://api.spotify.com/v1/tracks/6p8NuHm8uCGnn2Dtbtf7zE,https://api.spotify.com/v1/audio-analysis/6p8NuHm8uCGnn2Dtbtf7zE,304041,4,0
137,The Race,spotify:track:3wGXyJGsCf1myH5MooQIqE,74,Tay-K,66,"[cali rap, dfw rap, rap, trap]",0.766,0.606,9,-6.064,1,0.4560,0.00266,0,0.1660,0.352,160.223,audio_features,3wGXyJGsCf1myH5MooQIqE,spotify:track:3wGXyJGsCf1myH5MooQIqE,https://api.spotify.com/v1/tracks/3wGXyJGsCf1myH5MooQIqE,https://api.spotify.com/v1/audio-analysis/3wGXyJGsCf1myH5MooQIqE,140000,4,0
138,Moonlight,spotify:track:0JP9xo3adEtGSdUEISiszL,85,XXXTENTACION,85,"[emo rap, miami hip hop, rap]",0.921,0.537,9,-5.723,0,0.0804,0.55600,0.00404,0.1020,0.711,128.009,audio_features,0JP9xo3adEtGSdUEISiszL,spotify:track:0JP9xo3adEtGSdUEISiszL,https://api.spotify.com/v1/tracks/0JP9xo3adEtGSdUEISiszL,https://api.spotify.com/v1/audio-analysis/0JP9xo3adEtGSdUEISiszL,135090,4,0
139,Next (feat. Rich the Kid),spotify:track:1xjX4vrqHG1BWk2d91FUvq,39,Lil Pump,64,"[emo rap, miami hip hop, pop rap, rap, trap]",0.755,0.560,1,-5.497,1,0.1570,0.10000,0,0.0778,0.587,78.033,audio_features,1xjX4vrqHG1BWk2d91FUvq,spotify:track:1xjX4vrqHG1BWk2d91FUvq,https://api.spotify.com/v1/tracks/1xjX4vrqHG1BWk2d91FUvq,https://api.spotify.com/v1/audio-analysis/1xjX4vrqHG1BWk2d91FUvq,148320,4,0
140,Bounce Out With That,spotify:track:5lZsh9Qf7CbHI9Fcc7Zcsq,0,YBN Nahmir,62,"[alabama rap, rap, trap]",0.865,0.652,8,-8.218,1,0.1050,0.03700,0,0.0925,0.372,94.946,audio_features,5lZsh9Qf7CbHI9Fcc7Zcsq,spotify:track:5lZsh9Qf7CbHI9Fcc7Zcsq,https://api.spotify.com/v1/tracks/5lZsh9Qf7CbHI9Fcc7Zcsq,https://api.spotify.com/v1/audio-analysis/5lZsh9Qf7CbHI9Fcc7Zcsq,97202,4,0
141,Sauce It Up,spotify:track:1uL78kFWxhz3umTMWJu8n5,68,Lil Uzi Vert,85,"[hip hop, melodic rap, philly rap, rage rap, rap]",0.813,0.528,6,-6.305,0,0.3130,0.07150,0,0.1250,0.131,79.532,audio_features,1uL78kFWxhz3umTMWJu8n5,spotify:track:1uL78kFWxhz3umTMWJu8n5,https://api.spotify.com/v1/tracks/1uL78kFWxhz3umTMWJu8n5,https://api.spotify.com/v1/audio-analysis/1uL78kFWxhz3umTMWJu8n5,207039,4,0
142,Ric Flair Drip (with Metro Boomin),spotify:track:7sO5G9EABYOXQKNPNiE9NR,87,Offset,79,"[atl hip hop, hip hop, pop rap, rap, trap]",0.880,0.428,9,-8.280,1,0.2060,0.14900,0.000051,0.1140,0.333,100.007,audio_features,7sO5G9EABYOXQKNPNiE9NR,spotify:track:7sO5G9EABYOXQKNPNiE9NR,https://api.spotify.com/v1/tracks/7sO5G9EABYOXQKNPNiE9NR,https://api.spotify.com/v1/audio-analysis/7sO5G9EABYOXQKNPNiE9NR,172800,4,0
143,Esskeetit,spotify:track:44KKhCyI0BGS6LvVyDqJtH,57,Lil Pump,64,"[emo rap, miami hip hop, pop rap, rap, trap]",0.934,0.505,11,-7.648,1,0.1680,0.02290,0,0.0867,0.691,139.930,audio_features,44KKhCyI0BGS6LvVyDqJtH,spotify:track:44KKhCyI0BGS6LvVyDqJtH,https://api.spotify.com/v1/tracks/44KKhCyI0BGS6LvVyDqJtH,https://api.spotify.com/v1/audio-analysis/44KKhCyI0BGS6LvVyDqJtH,181714,4,0
144,New Level (feat. Future),spotify:track:11BIoKDpTJHX5mZt6p566h,61,A$AP Ferg,69,"[hip hop, pop rap, rap, southern hip hop, trap]",0.526,0.655,1,-4.208,0,0.3260,0.05660,0,0.1160,0.156,121.127,audio_features,11BIoKDpTJHX5mZt6p566h,spotify:track:11BIoKDpTJHX5mZt6p566h,https://api.spotify.com/v1/tracks/11BIoKDpTJHX5mZt6p566h,https://api.spotify.com/v1/audio-analysis/11BIoKDpTJHX5mZt6p566h,267212,4,0
145,Good News Sold,spotify:track:2nK23mwuUUiJTx9efT9Lvb,62,Jordan Davis,73,"[contemporary country, country road]",0.384,0.567,5,-9.759,1,0.0367,0.83400,0.000208,0.1310,0.432,80.069,audio_features,2nK23mwuUUiJTx9efT9Lvb,spotify:track:2nK23mwuUUiJTx9efT9Lvb,https://api.spotify.com/v1/tracks/2nK23mwuUUiJTx9efT9Lvb,https://api.spotify.com/v1/audio-analysis/2nK23mwuUUiJTx9efT9Lvb,203432,4,0
146,Holy Smokes,spotify:track:1kMWJ16W3Yk3hyNmaM7jfQ,70,Bailey Zimmerman,74,"[contemporary country, modern country pop]",0.462,0.569,7,-7.908,1,0.0321,0.50900,0,0.1200,0.432,95.117,audio_features,1kMWJ16W3Yk3hyNmaM7jfQ,spotify:track:1kMWJ16W3Yk3hyNmaM7jfQ,https://api.spotify.com/v1/tracks/1kMWJ16W3Yk3hyNmaM7jfQ,https://api.spotify.com/v1/audio-analysis/1kMWJ16W3Yk3hyNmaM7jfQ,195158,4,0
147,Thinkin’ Bout,spotify:track:1eB4kJvJIZlFxOBWNon8Zu,56,Kenny Chesney,69,"[contemporary country, country, country road, modern country rock]",0.830,0.663,5,-6.521,1,0.0291,0.33200,0.00012,0.1040,0.381,114.009,audio_features,1eB4kJvJIZlFxOBWNon8Zu,spotify:track:1eB4kJvJIZlFxOBWNon8Zu,https://api.spotify.com/v1/tracks/1eB4kJvJIZlFxOBWNon8Zu,https://api.spotify.com/v1/audio-analysis/1eB4kJvJIZlFxOBWNon8Zu,214187,4,0
148,Space in My Heart,spotify:track:4vMI6s3uwWcxcAqVoXkATn,61,Enrique Iglesias,77,"[dance pop, latin pop, mexican pop]",0.601,0.509,5,-6.783,1,0.0284,0.49200,0.000006,0.0919,0.322,105.985,audio_features,4vMI6s3uwWcxcAqVoXkATn,spotify:track:4vMI6s3uwWcxcAqVoXkATn,https://api.spotify.com/v1/tracks/4vMI6s3uwWcxcAqVoXkATn,https://api.spotify.com/v1/audio-analysis/4vMI6s3uwWcxcAqVoXkATn,178849,4,0
149,Son of a Bitch,spotify:track:5EyxR5yEN3mohQ5EycOpII,68,Jessie Murph,72,"[modern country pop, singer-songwriter pop]",0.597,0.679,2,-7.514,0,0.1740,0.27100,0,0.0968,0.498,149.068,audio_features,5EyxR5yEN3mohQ5EycOpII,spotify:track:5EyxR5yEN3mohQ5EycOpII,https://api.spotify.com/v1/tracks/5EyxR5yEN3mohQ5EycOpII,https://api.spotify.com/v1/audio-analysis/5EyxR5yEN3mohQ5EycOpII,155984,4,0
150,Quit You,spotify:track:6t4VR4r7RbcgpCIrSOhcAv,58,Kameron Marlowe,63,"[contemporary country, country pop, modern country pop]",0.583,0.617,6,-7.293,1,0.0299,0.40800,0.00068,0.0918,0.265,88.951,audio_features,6t4VR4r7RbcgpCIrSOhcAv,spotify:track:6t4VR4r7RbcgpCIrSOhcAv,https://api.spotify.com/v1/tracks/6t4VR4r7RbcgpCIrSOhcAv,https://api.spotify.com/v1/audio-analysis/6t4VR4r7RbcgpCIrSOhcAv,188813,4,0
151,Two Night Stands,spotify:track:2FEjp5cUHa1UYvwDbC28vQ,50,Kylie Morgan,54,"[contemporary country, country pop, modern country pop]",0.535,0.778,0,-4.186,1,0.0334,0.20500,0,0.2670,0.615,172.071,audio_features,2FEjp5cUHa1UYvwDbC28vQ,spotify:track:2FEjp5cUHa1UYvwDbC28vQ,https://api.spotify.com/v1/tracks/2FEjp5cUHa1UYvwDbC28vQ,https://api.spotify.com/v1/audio-analysis/2FEjp5cUHa1UYvwDbC28vQ,172933,4,0
152,Everybody's Friend,spotify:track:4CjH87e1np3OkwlYQdGOmv,54,Austin Snell,56,[modern country pop],0.416,0.892,4,-4.218,1,0.0583,0.01000,0,0.1090,0.126,158.164,audio_features,4CjH87e1np3OkwlYQdGOmv,spotify:track:4CjH87e1np3OkwlYQdGOmv,https://api.spotify.com/v1/tracks/4CjH87e1np3OkwlYQdGOmv,https://api.spotify.com/v1/audio-analysis/4CjH87e1np3OkwlYQdGOmv,174027,4,0
153,Next Best Thing,spotify:track:3Qss26KXwI8qEil7lbCEXa,51,Tenille Arts,52,"[canadian contemporary country, contemporary country, country pop]",0.545,0.744,9,-7.476,1,0.0460,0.01660,0.000004,0.0592,0.476,77.997,audio_features,3Qss26KXwI8qEil7lbCEXa,spotify:track:3Qss26KXwI8qEil7lbCEXa,https://api.spotify.com/v1/tracks/3Qss26KXwI8qEil7lbCEXa,https://api.spotify.com/v1/audio-analysis/3Qss26KXwI8qEil7lbCEXa,229205,4,0
154,In My Head Again,spotify:track:4zgrxZPjYlIpvvZYY3xnO5,49,Owen Riegling,54,[],0.620,0.831,4,-4.180,1,0.0359,0.00606,0.000002,0.1340,0.453,116.970,audio_features,4zgrxZPjYlIpvvZYY3xnO5,spotify:track:4zgrxZPjYlIpvvZYY3xnO5,https://api.spotify.com/v1/tracks/4zgrxZPjYlIpvvZYY3xnO5,https://api.spotify.com/v1/audio-analysis/4zgrxZPjYlIpvvZYY3xnO5,252468,4,0
155,Heartbreak King,spotify:track:4f7mzXeDSFtgQHDBjrSKYe,56,Ian Munsick,59,"[modern country pop, wyoming roots]",0.479,0.676,9,-4.929,1,0.0273,0.14500,0,0.0951,0.573,151.723,audio_features,4f7mzXeDSFtgQHDBjrSKYe,spotify:track:4f7mzXeDSFtgQHDBjrSKYe,https://api.spotify.com/v1/tracks/4f7mzXeDSFtgQHDBjrSKYe,https://api.spotify.com/v1/audio-analysis/4f7mzXeDSFtgQHDBjrSKYe,213880,4,0
156,American Girl,spotify:track:3PRTKWFigJCi47YAEsBpiP,52,Dierks Bentley,67,"[contemporary country, country, country road, modern country rock]",0.594,0.926,11,-5.294,1,0.0428,0.03570,0.000002,0.2640,0.905,113.024,audio_features,3PRTKWFigJCi47YAEsBpiP,spotify:track:3PRTKWFigJCi47YAEsBpiP,https://api.spotify.com/v1/tracks/3PRTKWFigJCi47YAEsBpiP,https://api.spotify.com/v1/audio-analysis/3PRTKWFigJCi47YAEsBpiP,183820,4,0
157,Roads That Go Nowhere,spotify:track:2ZB6CLPqN9OvtPKKC81Sq6,50,Travis Denning,50,"[contemporary country, country pop, modern country pop, modern country rock]",0.650,0.468,5,-6.216,1,0.0297,0.75900,0,0.1280,0.298,131.900,audio_features,2ZB6CLPqN9OvtPKKC81Sq6,spotify:track:2ZB6CLPqN9OvtPKKC81Sq6,https://api.spotify.com/v1/tracks/2ZB6CLPqN9OvtPKKC81Sq6,https://api.spotify.com/v1/audio-analysis/2ZB6CLPqN9OvtPKKC81Sq6,198859,4,0
158,As You Are,spotify:track:4DXs4CjeQ91Abx1xReQ3cC,45,Tenille Townes,48,"[alberta country, contemporary country, country pop]",0.432,0.230,4,-9.363,1,0.0286,0.44700,0.000003,0.1160,0.103,143.234,audio_features,4DXs4CjeQ91Abx1xReQ3cC,spotify:track:4DXs4CjeQ91Abx1xReQ3cC,https://api.spotify.com/v1/tracks/4DXs4CjeQ91Abx1xReQ3cC,https://api.spotify.com/v1/audio-analysis/4DXs4CjeQ91Abx1xReQ3cC,246399,4,0
159,The Impression That I Get,spotify:track:1xnG0dYpGEi3rbrOrsr4fy,24,The Mighty Mighty Bosstones,52,"[boston punk, boston rock, punk, ska, ska punk, skate punk]",0.484,0.939,4,-5.866,1,0.1480,0.03690,0.00082,0.2000,0.634,89.452,audio_features,1xnG0dYpGEi3rbrOrsr4fy,spotify:track:1xnG0dYpGEi3rbrOrsr4fy,https://api.spotify.com/v1/tracks/1xnG0dYpGEi3rbrOrsr4fy,https://api.spotify.com/v1/audio-analysis/1xnG0dYpGEi3rbrOrsr4fy,193467,4,0
160,When I Come Around,spotify:track:1Dr1fXbc2IxaK1Mu8P8Khz,81,Green Day,80,"[modern rock, permanent wave, punk, rock]",0.531,0.909,11,-4.236,1,0.0340,0.017500,0,0.2310,0.8140,97.546,audio_features,1Dr1fXbc2IxaK1Mu8P8Khz,spotify:track:1Dr1fXbc2IxaK1Mu8P8Khz,https://api.spotify.com/v1/tracks/1Dr1fXbc2IxaK1Mu8P8Khz,https://api.spotify.com/v1/audio-analysis/1Dr1fXbc2IxaK1Mu8P8Khz,178000,4,0
161,UNDERSTAND,spotify:track:72sfmdpuO5r8cBDgs7MqZZ,80,keshi,72,[chill r&b],0.379,0.208,5,-13.858,1,0.0426,0.940000,0.000001,0.1140,0.1630,82.085,audio_features,72sfmdpuO5r8cBDgs7MqZZ,spotify:track:72sfmdpuO5r8cBDgs7MqZZ,https://api.spotify.com/v1/tracks/72sfmdpuO5r8cBDgs7MqZZ,https://api.spotify.com/v1/audio-analysis/72sfmdpuO5r8cBDgs7MqZZ,150520,3,0
162,LIMBO,spotify:track:2bdVgAQgosGUJoViVDNeOV,79,keshi,72,[chill r&b],0.577,0.366,8,-11.792,1,0.0368,0.879000,0.000078,0.1370,0.0841,129.923,audio_features,2bdVgAQgosGUJoViVDNeOV,spotify:track:2bdVgAQgosGUJoViVDNeOV,https://api.spotify.com/v1/tracks/2bdVgAQgosGUJoViVDNeOV,https://api.spotify.com/v1/audio-analysis/2bdVgAQgosGUJoViVDNeOV,212785,4,0
163,IT'S YOU (feat. keshi),spotify:track:1hWDc5jD5br9pXSOtubFlf,60,MAX,69,"[singer-songwriter pop, teen pop, viral pop]",0.663,0.328,2,-11.579,1,0.0601,0.850000,0.00019,0.1410,0.4460,89.892,audio_features,1hWDc5jD5br9pXSOtubFlf,spotify:track:1hWDc5jD5br9pXSOtubFlf,https://api.spotify.com/v1/tracks/1hWDc5jD5br9pXSOtubFlf,https://api.spotify.com/v1/audio-analysis/1hWDc5jD5br9pXSOtubFlf,173427,4,0
164,beside you,spotify:track:1Fhb9iJPufNMZSwupsXiRe,74,keshi,72,[chill r&b],0.711,0.747,0,-6.335,1,0.0523,0.459000,0,0.0957,0.8520,136.000,audio_features,1Fhb9iJPufNMZSwupsXiRe,spotify:track:1Fhb9iJPufNMZSwupsXiRe,https://api.spotify.com/v1/tracks/1Fhb9iJPufNMZSwupsXiRe,https://api.spotify.com/v1/audio-analysis/1Fhb9iJPufNMZSwupsXiRe,166023,4,0
165,like i need u,spotify:track:7ivYWXqrPLs66YwakDuSim,73,keshi,72,[chill r&b],0.748,0.465,5,-8.163,1,0.0869,0.399000,0,0.2940,0.4120,119.872,audio_features,7ivYWXqrPLs66YwakDuSim,spotify:track:7ivYWXqrPLs66YwakDuSim,https://api.spotify.com/v1/tracks/7ivYWXqrPLs66YwakDuSim,https://api.spotify.com/v1/audio-analysis/7ivYWXqrPLs66YwakDuSim,182679,4,0
166,2 soon,spotify:track:5SlU0Yhi51jobhEiGE4xDv,71,keshi,72,[chill r&b],0.517,0.663,6,-6.688,0,0.0375,0.146000,0,0.3220,0.1460,174.032,audio_features,5SlU0Yhi51jobhEiGE4xDv,spotify:track:5SlU0Yhi51jobhEiGE4xDv,https://api.spotify.com/v1/tracks/5SlU0Yhi51jobhEiGE4xDv,https://api.spotify.com/v1/audio-analysis/5SlU0Yhi51jobhEiGE4xDv,206512,4,0
167,SOMEBODY,spotify:track:3iqlzKw1tLt6tXZyKWV0fZ,70,keshi,72,[chill r&b],0.649,0.461,8,-8.401,1,0.0449,0.442000,0,0.1080,0.4870,141.088,audio_features,3iqlzKw1tLt6tXZyKWV0fZ,spotify:track:3iqlzKw1tLt6tXZyKWV0fZ,https://api.spotify.com/v1/tracks/3iqlzKw1tLt6tXZyKWV0fZ,https://api.spotify.com/v1/audio-analysis/3iqlzKw1tLt6tXZyKWV0fZ,164663,4,0
168,drunk,spotify:track:6D6HVKe7Qu3imn4zzJD0W9,69,keshi,72,[chill r&b],0.691,0.389,4,-8.247,1,0.0367,0.765000,0,0.0941,0.3060,104.952,audio_features,6D6HVKe7Qu3imn4zzJD0W9,spotify:track:6D6HVKe7Qu3imn4zzJD0W9,https://api.spotify.com/v1/tracks/6D6HVKe7Qu3imn4zzJD0W9,https://api.spotify.com/v1/audio-analysis/6D6HVKe7Qu3imn4zzJD0W9,227032,4,0
169,less of you,spotify:track:3IqcBL5yjJK3ri0TGaL3MC,67,keshi,72,[chill r&b],0.563,0.678,7,-5.885,1,0.0495,0.544000,0.000001,0.1170,0.5680,169.963,audio_features,3IqcBL5yjJK3ri0TGaL3MC,spotify:track:3IqcBL5yjJK3ri0TGaL3MC,https://api.spotify.com/v1/tracks/3IqcBL5yjJK3ri0TGaL3MC,https://api.spotify.com/v1/audio-analysis/3IqcBL5yjJK3ri0TGaL3MC,206893,4,0
170,i swear i'll never leave again,spotify:track:5byXSKd7QOHtVMOiptklBD,67,keshi,72,[chill r&b],0.569,0.319,8,-12.850,1,0.0277,0.853000,0.000151,0.1280,0.3200,79.997,audio_features,5byXSKd7QOHtVMOiptklBD,spotify:track:5byXSKd7QOHtVMOiptklBD,https://api.spotify.com/v1/tracks/5byXSKd7QOHtVMOiptklBD,https://api.spotify.com/v1/audio-analysis/5byXSKd7QOHtVMOiptklBD,173716,4,0
171,Super Mario Maker (Airship Theme) - 8-Bit Computer Game Version,spotify:track:7KcMcH9s430C9KVeV9w4pn,3,8-Bit Arcade,38,[8-bit],0.758,0.346,7,-6.889,1,0.0464,0.244000,0.456,0.1320,0.7370,90.182,audio_features,7KcMcH9s430C9KVeV9w4pn,spotify:track:7KcMcH9s430C9KVeV9w4pn,https://api.spotify.com/v1/tracks/7KcMcH9s430C9KVeV9w4pn,https://api.spotify.com/v1/audio-analysis/7KcMcH9s430C9KVeV9w4pn,63889,4,0
172,Renegade - Undertronic Remix,spotify:track:7dboX0iC0cpxepJG8bED77,26,SharaX,41,"[otacore, pixel, speedrun]",0.753,0.544,8,-9.977,1,0.0475,0.005770,0.767,0.3130,0.2250,129.973,audio_features,7dboX0iC0cpxepJG8bED77,spotify:track:7dboX0iC0cpxepJG8bED77,https://api.spotify.com/v1/tracks/7dboX0iC0cpxepJG8bED77,https://api.spotify.com/v1/audio-analysis/7dboX0iC0cpxepJG8bED77,302779,4,0
173,Tick Tock - Undertronic Remix,spotify:track:1h51bzI72BzZVdn3qco4Up,26,SharaX,41,"[otacore, pixel, speedrun]",0.618,0.969,0,-6.859,0,0.0313,0.000328,0.959,0.3280,0.7080,134.993,audio_features,1h51bzI72BzZVdn3qco4Up,spotify:track:1h51bzI72BzZVdn3qco4Up,https://api.spotify.com/v1/tracks/1h51bzI72BzZVdn3qco4Up,https://api.spotify.com/v1/audio-analysis/1h51bzI72BzZVdn3qco4Up,332449,4,0
174,Megalovania (Undertale Remix),spotify:track:5mA2ShqBVbjlmRuW8vycmo,37,Mykah,37,"[lo-fi vgm, otacore, pixel, vgm remix]",0.609,0.941,11,-5.109,0,0.0542,0.000683,0.893,0.0272,0.7870,139.998,audio_features,5mA2ShqBVbjlmRuW8vycmo,spotify:track:5mA2ShqBVbjlmRuW8vycmo,https://api.spotify.com/v1/tracks/5mA2ShqBVbjlmRuW8vycmo,https://api.spotify.com/v1/audio-analysis/5mA2ShqBVbjlmRuW8vycmo,253732,4,0
175,Waterfall Death Dance,spotify:track:4EgKtVsxUGzOPre3LoUNzv,26,SharaX,41,"[otacore, pixel, speedrun]",0.558,0.847,7,-7.936,0,0.1010,0.001440,0.363,0.8780,0.2610,150.046,audio_features,4EgKtVsxUGzOPre3LoUNzv,spotify:track:4EgKtVsxUGzOPre3LoUNzv,https://api.spotify.com/v1/tracks/4EgKtVsxUGzOPre3LoUNzv,https://api.spotify.com/v1/audio-analysis/4EgKtVsxUGzOPre3LoUNzv,361604,4,0
176,Cupid,spotify:track:4dKa5ZzlGqUy3Wo0yaXKNI,1,FIFTY FIFTY,68,[k-pop girl group],0.770,0.661,2,-8.199,1,0.0336,0.652000,0,0.3830,0.9430,120.053,audio_features,4dKa5ZzlGqUy3Wo0yaXKNI,spotify:track:4dKa5ZzlGqUy3Wo0yaXKNI,https://api.spotify.com/v1/tracks/4dKa5ZzlGqUy3Wo0yaXKNI,https://api.spotify.com/v1/audio-analysis/4dKa5ZzlGqUy3Wo0yaXKNI,174253,4,0
177,Texas Was You,spotify:track:3XmGUn730lnJnYMUAMhlHk,14,Jason Aldean,73,"[contemporary country, country, country road, modern country rock]",0.631,0.784,8,-4.017,1,0.0343,0.011100,0.000072,0.0932,0.4700,110.066,audio_features,3XmGUn730lnJnYMUAMhlHk,spotify:track:3XmGUn730lnJnYMUAMhlHk,https://api.spotify.com/v1/tracks/3XmGUn730lnJnYMUAMhlHk,https://api.spotify.com/v1/audio-analysis/3XmGUn730lnJnYMUAMhlHk,205200,4,0
178,Big Green Tractor,spotify:track:4KAzYqfcijCSZa2P3etHoM,34,Jason Aldean,73,"[contemporary country, country, country road, modern country rock]",0.623,0.590,4,-5.014,1,0.0280,0.646000,0,0.2950,0.5790,137.071,audio_features,4KAzYqfcijCSZa2P3etHoM,spotify:track:4KAzYqfcijCSZa2P3etHoM,https://api.spotify.com/v1/tracks/4KAzYqfcijCSZa2P3etHoM,https://api.spotify.com/v1/audio-analysis/4KAzYqfcijCSZa2P3etHoM,204200,4,0
179,She's Country,spotify:track:0PspNrE4MSjr1JeB4OW0jn,39,Jason Aldean,73,"[contemporary country, country, country road, modern country rock]",0.553,0.872,1,-2.832,0,0.0782,0.198000,0,0.0659,0.6380,172.138,audio_features,0PspNrE4MSjr1JeB4OW0jn,spotify:track:0PspNrE4MSjr1JeB4OW0jn,https://api.spotify.com/v1/tracks/0PspNrE4MSjr1JeB4OW0jn,https://api.spotify.com/v1/audio-analysis/0PspNrE4MSjr1JeB4OW0jn,220573,4,0
180,You Make It Easy,spotify:track:6EGAfJaLUFzhS4zRBIEQ2J,38,Jason Aldean,73,"[contemporary country, country, country road, modern country rock]",0.375,0.5740,7,-5.305,1,0.0315,0.143000,0,0.1100,0.406,132.025,audio_features,6EGAfJaLUFzhS4zRBIEQ2J,spotify:track:6EGAfJaLUFzhS4zRBIEQ2J,https://api.spotify.com/v1/tracks/6EGAfJaLUFzhS4zRBIEQ2J,https://api.spotify.com/v1/audio-analysis/6EGAfJaLUFzhS4zRBIEQ2J,196800,3,0
181,Brand New Man - with Luke Combs,spotify:track:001UkMQHw4zXfFNdKpwXAF,70,Brooks & Dunn,68,"[contemporary country, country, country road]",0.573,0.8460,7,-4.866,1,0.0344,0.003720,0.000079,0.2900,0.562,127.061,audio_features,001UkMQHw4zXfFNdKpwXAF,spotify:track:001UkMQHw4zXfFNdKpwXAF,https://api.spotify.com/v1/tracks/001UkMQHw4zXfFNdKpwXAF,https://api.spotify.com/v1/audio-analysis/001UkMQHw4zXfFNdKpwXAF,191053,4,0
182,Man! I Feel Like A Woman!,spotify:track:6sxptembJVty4sNtcPMAVz,75,Shania Twain,72,"[canadian country, canadian pop, contemporary country, country, country dawn]",0.657,0.6390,10,-7.527,1,0.0412,0.581000,0,0.2780,0.674,124.882,audio_features,6sxptembJVty4sNtcPMAVz,spotify:track:6sxptembJVty4sNtcPMAVz,https://api.spotify.com/v1/tracks/6sxptembJVty4sNtcPMAVz,https://api.spotify.com/v1/audio-analysis/6sxptembJVty4sNtcPMAVz,234493,4,0
183,9 to 5,spotify:track:4w3tQBXhn5345eUXDGBWZG,81,Dolly Parton,72,"[classic country pop, country, country dawn]",0.554,0.7830,6,-5.852,1,0.0457,0.416000,0.000002,0.6310,0.813,105.390,audio_features,4w3tQBXhn5345eUXDGBWZG,spotify:track:4w3tQBXhn5345eUXDGBWZG,https://api.spotify.com/v1/tracks/4w3tQBXhn5345eUXDGBWZG,https://api.spotify.com/v1/audio-analysis/4w3tQBXhn5345eUXDGBWZG,162467,4,0
184,Jolene,spotify:track:2SpEHTbUuebeLkgs9QB7Ue,75,Dolly Parton,72,"[classic country pop, country, country dawn]",0.674,0.5370,1,-10.971,0,0.0363,0.566000,0,0.1310,0.809,110.578,audio_features,2SpEHTbUuebeLkgs9QB7Ue,spotify:track:2SpEHTbUuebeLkgs9QB7Ue,https://api.spotify.com/v1/tracks/2SpEHTbUuebeLkgs9QB7Ue,https://api.spotify.com/v1/audio-analysis/2SpEHTbUuebeLkgs9QB7Ue,161533,4,0
185,Thank God I'm a Country Boy,spotify:track:69HICMmc6nNLucAx3aJX9M,69,John Denver,68,"[classic country pop, folk, folk rock, mellow gold, singer-songwriter, soft rock]",0.762,0.5370,9,-9.580,1,0.0478,0.785000,0.000669,0.0551,0.958,105.603,audio_features,69HICMmc6nNLucAx3aJX9M,spotify:track:69HICMmc6nNLucAx3aJX9M,https://api.spotify.com/v1/tracks/69HICMmc6nNLucAx3aJX9M,https://api.spotify.com/v1/audio-analysis/69HICMmc6nNLucAx3aJX9M,193093,4,0
186,"Mammas, Don't Let Your Babies Grow Up to Be Cowboys",spotify:track:1gKSpFpX3poa17WIAyFVsp,57,Waylon Jennings,67,"[classic texas country, country, outlaw country]",0.592,0.4220,9,-11.549,1,0.0332,0.614000,0.0015,0.1580,0.536,94.597,audio_features,1gKSpFpX3poa17WIAyFVsp,spotify:track:1gKSpFpX3poa17WIAyFVsp,https://api.spotify.com/v1/tracks/1gKSpFpX3poa17WIAyFVsp,https://api.spotify.com/v1/audio-analysis/1gKSpFpX3poa17WIAyFVsp,153200,3,0
187,Rhinestone Cowboy,spotify:track:0VwTeYNjcl30DyQlt3GPe0,68,Glen Campbell,61,"[adult standards, arkansas country, classic country pop, folk rock, mellow gold, nashville sound, singer-songwriter, soft rock]",0.644,0.6330,0,-8.006,1,0.0261,0.102000,0.000068,0.2270,0.647,115.193,audio_features,0VwTeYNjcl30DyQlt3GPe0,spotify:track:0VwTeYNjcl30DyQlt3GPe0,https://api.spotify.com/v1/tracks/0VwTeYNjcl30DyQlt3GPe0,https://api.spotify.com/v1/audio-analysis/0VwTeYNjcl30DyQlt3GPe0,194453,4,0
188,Beautiful Crazy,spotify:track:2rxQMGVafnNaRaXlRMWPde,84,Luke Combs,83,"[contemporary country, country]",0.551,0.4020,11,-7.431,1,0.0262,0.676000,0,0.0928,0.382,103.313,audio_features,2rxQMGVafnNaRaXlRMWPde,spotify:track:2rxQMGVafnNaRaXlRMWPde,https://api.spotify.com/v1/tracks/2rxQMGVafnNaRaXlRMWPde,https://api.spotify.com/v1/audio-analysis/2rxQMGVafnNaRaXlRMWPde,193200,4,0
189,God's Plan,spotify:track:6DCZcSspjsKoFjzjrWoCdn,88,Drake,96,"[canadian hip hop, canadian pop, hip hop, pop rap, rap]",0.754,0.4490,7,-9.211,1,0.1090,0.033200,0.000083,0.5520,0.357,77.169,audio_features,6DCZcSspjsKoFjzjrWoCdn,spotify:track:6DCZcSspjsKoFjzjrWoCdn,https://api.spotify.com/v1/tracks/6DCZcSspjsKoFjzjrWoCdn,https://api.spotify.com/v1/audio-analysis/6DCZcSspjsKoFjzjrWoCdn,198973,4,0
190,Rich Flex,spotify:track:1bDbXMyjaUIooNwFE9wn0N,86,Drake,96,"[canadian hip hop, canadian pop, hip hop, pop rap, rap]",0.561,0.5200,11,-9.342,0,0.2440,0.050300,0.000002,0.3550,0.424,153.150,audio_features,1bDbXMyjaUIooNwFE9wn0N,spotify:track:1bDbXMyjaUIooNwFE9wn0N,https://api.spotify.com/v1/tracks/1bDbXMyjaUIooNwFE9wn0N,https://api.spotify.com/v1/audio-analysis/1bDbXMyjaUIooNwFE9wn0N,239360,3,0
191,OMG,spotify:track:65FftemJ1DbbZ45DUfHJXE,86,NewJeans,81,"[k-pop, k-pop girl group]",0.804,0.7710,9,-4.067,0,0.0433,0.357000,0.000003,0.1080,0.739,126.956,audio_features,65FftemJ1DbbZ45DUfHJXE,spotify:track:65FftemJ1DbbZ45DUfHJXE,https://api.spotify.com/v1/tracks/65FftemJ1DbbZ45DUfHJXE,https://api.spotify.com/v1/audio-analysis/65FftemJ1DbbZ45DUfHJXE,212253,4,0
192,Anaconda,spotify:track:794F99D5BQHS5ZGRXAs7I5,69,Nicki Minaj,87,"[hip pop, pop, queens hip hop, rap]",0.964,0.6050,9,-6.223,1,0.1790,0.066800,0.000008,0.2140,0.646,129.994,audio_features,794F99D5BQHS5ZGRXAs7I5,spotify:track:794F99D5BQHS5ZGRXAs7I5,https://api.spotify.com/v1/tracks/794F99D5BQHS5ZGRXAs7I5,https://api.spotify.com/v1/audio-analysis/794F99D5BQHS5ZGRXAs7I5,260240,4,0
193,Angel,spotify:track:3xZMPZQYETEn4hjor3TR1A,70,Sarah McLachlan,61,"[canadian pop, canadian singer-songwriter, ectofolk, lilith, permanent wave, pop rock]",0.532,0.0744,1,-16.092,1,0.0355,0.949000,0.000012,0.1060,0.125,117.131,audio_features,3xZMPZQYETEn4hjor3TR1A,spotify:track:3xZMPZQYETEn4hjor3TR1A,https://api.spotify.com/v1/tracks/3xZMPZQYETEn4hjor3TR1A,https://api.spotify.com/v1/audio-analysis/3xZMPZQYETEn4hjor3TR1A,270400,3,0
194,Rockstar,spotify:track:6n9yCXvLhnYMgJIiIcMu7D,68,Nickelback,76,"[alternative metal, canadian rock, post-grunge]",0.616,0.9100,0,-3.004,1,0.0386,0.045900,0,0.3430,0.693,144.072,audio_features,6n9yCXvLhnYMgJIiIcMu7D,spotify:track:6n9yCXvLhnYMgJIiIcMu7D,https://api.spotify.com/v1/tracks/6n9yCXvLhnYMgJIiIcMu7D,https://api.spotify.com/v1/audio-analysis/6n9yCXvLhnYMgJIiIcMu7D,252040,4,0
195,How You Remind Me,spotify:track:0gmbgwZ8iqyMPmXefof8Yf,86,Nickelback,76,"[alternative metal, canadian rock, post-grunge]",0.446,0.7640,10,-5.042,1,0.0330,0.001350,0,0.0990,0.543,172.094,audio_features,0gmbgwZ8iqyMPmXefof8Yf,spotify:track:0gmbgwZ8iqyMPmXefof8Yf,https://api.spotify.com/v1/tracks/0gmbgwZ8iqyMPmXefof8Yf,https://api.spotify.com/v1/audio-analysis/0gmbgwZ8iqyMPmXefof8Yf,223840,4,0
196,Burn It to the Ground,spotify:track:1jq28NGw6wdtFKx8MBPy6C,79,Nickelback,76,"[alternative metal, canadian rock, post-grunge]",0.617,0.9220,11,-3.474,1,0.0744,0.000247,0.388,0.3630,0.600,132.059,audio_features,1jq28NGw6wdtFKx8MBPy6C,spotify:track:1jq28NGw6wdtFKx8MBPy6C,https://api.spotify.com/v1/tracks/1jq28NGw6wdtFKx8MBPy6C,https://api.spotify.com/v1/audio-analysis/1jq28NGw6wdtFKx8MBPy6C,212347,4,0
197,Rockstar - 2020 Remaster,spotify:track:05tlUh0E6IFks9sCQguQKN,74,Nickelback,76,"[alternative metal, canadian rock, post-grunge]",0.621,0.9130,0,-3.352,1,0.0385,0.047700,0,0.3140,0.679,144.073,audio_features,05tlUh0E6IFks9sCQguQKN,spotify:track:05tlUh0E6IFks9sCQguQKN,https://api.spotify.com/v1/tracks/05tlUh0E6IFks9sCQguQKN,https://api.spotify.com/v1/audio-analysis/05tlUh0E6IFks9sCQguQKN,255493,4,0
198,Animals - 2020 Remaster,spotify:track:2TeEhtmhMQmUyQJhnJNvAs,74,Nickelback,76,"[alternative metal, canadian rock, post-grunge]",0.593,0.9570,7,-3.045,1,0.0499,0.000613,0.0287,0.2190,0.802,154.019,audio_features,2TeEhtmhMQmUyQJhnJNvAs,spotify:track:2TeEhtmhMQmUyQJhnJNvAs,https://api.spotify.com/v1/tracks/2TeEhtmhMQmUyQJhnJNvAs,https://api.spotify.com/v1/audio-analysis/2TeEhtmhMQmUyQJhnJNvAs,186587,4,0
199,Far Away - 2020 Remaster,spotify:track:05rWggLwQ2weA4D2cRAt55,70,Nickelback,76,"[alternative metal, canadian rock, post-grunge]",0.513,0.7760,6,-5.202,1,0.0307,0.000774,0,0.0989,0.338,132.929,audio_features,05rWggLwQ2weA4D2cRAt55,spotify:track:05rWggLwQ2weA4D2cRAt55,https://api.spotify.com/v1/tracks/05rWggLwQ2weA4D2cRAt55,https://api.spotify.com/v1/audio-analysis/05rWggLwQ2weA4D2cRAt55,238160,4,0
200,Someday,spotify:track:4PkJ7c9y1CwpuVOiJODnCZ,76,Nickelback,76,"[alternative metal, canadian rock, post-grunge]",0.455,0.858,11,-5.659,0,0.0391,0.000616,0.000247,0.2260,0.5970,163.118,audio_features,4PkJ7c9y1CwpuVOiJODnCZ,spotify:track:4PkJ7c9y1CwpuVOiJODnCZ,https://api.spotify.com/v1/tracks/4PkJ7c9y1CwpuVOiJODnCZ,https://api.spotify.com/v1/audio-analysis/4PkJ7c9y1CwpuVOiJODnCZ,207467,4,0
201,Savin' Me - 2020 Remaster,spotify:track:2BoWXJfClbDQkZCZsE0Ru7,70,Nickelback,76,"[alternative metal, canadian rock, post-grunge]",0.442,0.805,3,-4.091,1,0.0270,0.000606,0,0.4020,0.5580,164.029,audio_features,2BoWXJfClbDQkZCZsE0Ru7,spotify:track:2BoWXJfClbDQkZCZsE0Ru7,https://api.spotify.com/v1/tracks/2BoWXJfClbDQkZCZsE0Ru7,https://api.spotify.com/v1/audio-analysis/2BoWXJfClbDQkZCZsE0Ru7,219293,4,0
202,Photograph - 2020 Remaster,spotify:track:3bYrSlgvWacP1LZV44pfzp,66,Nickelback,76,"[alternative metal, canadian rock, post-grunge]",0.516,0.874,8,-3.811,1,0.0299,0.000819,0.000095,0.1250,0.4370,145.958,audio_features,3bYrSlgvWacP1LZV44pfzp,spotify:track:3bYrSlgvWacP1LZV44pfzp,https://api.spotify.com/v1/tracks/3bYrSlgvWacP1LZV44pfzp,https://api.spotify.com/v1/audio-analysis/3bYrSlgvWacP1LZV44pfzp,258893,4,0
203,She Keeps Me Up,spotify:track:4AGbGF8JPcaH43eCMuANXG,72,Nickelback,76,"[alternative metal, canadian rock, post-grunge]",0.771,0.606,9,-8.634,1,0.0379,0.010800,0.000153,0.0237,0.7930,100.009,audio_features,4AGbGF8JPcaH43eCMuANXG,spotify:track:4AGbGF8JPcaH43eCMuANXG,https://api.spotify.com/v1/tracks/4AGbGF8JPcaH43eCMuANXG,https://api.spotify.com/v1/audio-analysis/4AGbGF8JPcaH43eCMuANXG,237663,4,0
204,If Today Was Your Last Day,spotify:track:4QJLKU75Rg4558f4LbDBRi,73,Nickelback,76,"[alternative metal, canadian rock, post-grunge]",0.485,0.911,3,-5.749,1,0.0355,0.000087,0,0.0920,0.5680,89.956,audio_features,4QJLKU75Rg4558f4LbDBRi,spotify:track:4QJLKU75Rg4558f4LbDBRi,https://api.spotify.com/v1/tracks/4QJLKU75Rg4558f4LbDBRi,https://api.spotify.com/v1/audio-analysis/4QJLKU75Rg4558f4LbDBRi,249067,4,0
205,Buddy Holly,spotify:track:3mwvKOyMmG77zZRunnxp9E,79,Weezer,73,"[alternative rock, modern power pop, modern rock, permanent wave, rock]",0.556,0.920,8,-4.606,1,0.0367,0.002710,0.00021,0.1170,0.7710,121.138,audio_features,3mwvKOyMmG77zZRunnxp9E,spotify:track:3mwvKOyMmG77zZRunnxp9E,https://api.spotify.com/v1/tracks/3mwvKOyMmG77zZRunnxp9E,https://api.spotify.com/v1/audio-analysis/3mwvKOyMmG77zZRunnxp9E,159227,4,0
206,All Star,spotify:track:3cfOd4CMv2snFaKAnMdnvK,83,Smash Mouth,66,"[pop rock, post-grunge]",0.731,0.867,11,-5.881,1,0.0320,0.039500,0,0.0861,0.7760,104.019,audio_features,3cfOd4CMv2snFaKAnMdnvK,spotify:track:3cfOd4CMv2snFaKAnMdnvK,https://api.spotify.com/v1/tracks/3cfOd4CMv2snFaKAnMdnvK,https://api.spotify.com/v1/audio-analysis/3cfOd4CMv2snFaKAnMdnvK,200373,4,0
207,Lollipop - Remix,spotify:track:1S2WWT5jW9J3MauQ7r7qN4,79,Darell,76,"[latin hip hop, reggaeton, trap latino, urbano latino]",0.846,0.738,3,-4.537,0,0.0803,0.234000,0,0.0987,0.9490,102.978,audio_features,1S2WWT5jW9J3MauQ7r7qN4,spotify:track:1S2WWT5jW9J3MauQ7r7qN4,https://api.spotify.com/v1/tracks/1S2WWT5jW9J3MauQ7r7qN4,https://api.spotify.com/v1/audio-analysis/1S2WWT5jW9J3MauQ7r7qN4,266616,4,0
208,Quédate Bebé,spotify:track:427yd0A6Tkq8p2RYP4NeVn,78,Grupo Frontera,85,[musica chihuahuense],0.670,0.752,9,-5.596,1,0.0408,0.248000,0,0.0599,0.8080,90.342,audio_features,427yd0A6Tkq8p2RYP4NeVn,spotify:track:427yd0A6Tkq8p2RYP4NeVn,https://api.spotify.com/v1/tracks/427yd0A6Tkq8p2RYP4NeVn,https://api.spotify.com/v1/audio-analysis/427yd0A6Tkq8p2RYP4NeVn,193259,4,0
209,Sugar,spotify:track:31RTFPrB7wmYBhlkM2ILXG,77,System Of A Down,79,"[alternative metal, nu metal, rap metal, rock]",0.451,0.889,1,-2.693,1,0.2610,0.001670,0.00215,0.2580,0.5860,131.073,audio_features,31RTFPrB7wmYBhlkM2ILXG,spotify:track:31RTFPrB7wmYBhlkM2ILXG,https://api.spotify.com/v1/tracks/31RTFPrB7wmYBhlkM2ILXG,https://api.spotify.com/v1/audio-analysis/31RTFPrB7wmYBhlkM2ILXG,153800,4,0
210,Breathe,spotify:track:4QvchxEDRzAosUOkZzJGI6,45,DOE,49,[],0.558,0.394,9,-9.380,1,0.0434,0.625000,0,0.0982,0.0949,56.454,audio_features,4QvchxEDRzAosUOkZzJGI6,spotify:track:4QvchxEDRzAosUOkZzJGI6,https://api.spotify.com/v1/tracks/4QvchxEDRzAosUOkZzJGI6,https://api.spotify.com/v1/audio-analysis/4QvchxEDRzAosUOkZzJGI6,172218,4,0
211,Girls,spotify:track:7EjL6DoRMa601VXjoyyBSE,60,Rachel Platten,61,"[post-teen pop, talent show, viral pop]",0.521,0.186,2,-8.433,1,0.0460,0.962000,0,0.1190,0.5390,74.227,audio_features,7EjL6DoRMa601VXjoyyBSE,spotify:track:7EjL6DoRMa601VXjoyyBSE,https://api.spotify.com/v1/tracks/7EjL6DoRMa601VXjoyyBSE,https://api.spotify.com/v1/audio-analysis/7EjL6DoRMa601VXjoyyBSE,171022,3,0
212,unravel,spotify:track:1rN9QoVxw5U7TJkyaUR8C1,74,TK from Ling tosite sigure,56,"[j-poprock, j-rock]",0.508,0.889,7,-2.755,0,0.0862,0.049500,0,0.0984,0.3320,135.014,audio_features,1rN9QoVxw5U7TJkyaUR8C1,spotify:track:1rN9QoVxw5U7TJkyaUR8C1,https://api.spotify.com/v1/tracks/1rN9QoVxw5U7TJkyaUR8C1,https://api.spotify.com/v1/audio-analysis/1rN9QoVxw5U7TJkyaUR8C1,238360,4,0
213,DADDY,spotify:track:1eMVXXpNPEUdFRy5ZH7FpM,63,PSY,62,"[k-rap, korean old school hip hop]",0.762,0.869,6,-3.287,0,0.1300,0.079300,0,0.1370,0.7470,132.050,audio_features,1eMVXXpNPEUdFRy5ZH7FpM,spotify:track:1eMVXXpNPEUdFRy5ZH7FpM,https://api.spotify.com/v1/tracks/1eMVXXpNPEUdFRy5ZH7FpM,https://api.spotify.com/v1/audio-analysis/1eMVXXpNPEUdFRy5ZH7FpM,230635,4,0
214,Perfect,spotify:track:0tgVpDi06FyKpA1z0VMD4v,90,Ed Sheeran,87,"[pop, singer-songwriter pop, uk pop]",0.599,0.448,8,-6.312,1,0.0232,0.163000,0,0.1060,0.1680,95.050,audio_features,0tgVpDi06FyKpA1z0VMD4v,spotify:track:0tgVpDi06FyKpA1z0VMD4v,https://api.spotify.com/v1/tracks/0tgVpDi06FyKpA1z0VMD4v,https://api.spotify.com/v1/audio-analysis/0tgVpDi06FyKpA1z0VMD4v,263400,3,0
